start,end,fmin,fmax,category
0.140067,0.155983,1833.827881,1842.72998,NaN
0.622342,0.639851,1691.394775,1691.394775,NaN
1.919552,1.941835,1620.177979,1629.080078,NaN
1.99436,2.010277,979.228455,979.228455,NaN
