start,end,fmin,fmax,category
0.413605,0.433923,364.672363,1783.475708,s
0.61678,0.635646,256.410278,1817.663818,s
0.909932,0.930249,290.598297,1834.757813,s
