start,end,fmin,fmax,category
0.222721,0.24223,150.579147,544.40155,NaN
0.650281,0.671415,150.579147,509.652527,NaN
1.372093,1.38835,150.579147,486.48645,NaN
