start,end,fmin,fmax,category
0.330983,0.351669,121.874992,393.749969,NaN
