start,end,fmin,fmax,category
0.645774,0.673181,156.351791,801.302979,NaN
1.010628,1.029471,156.351791,1807.817627,NaN
1.164792,1.190486,127.035835,2061.88916,NaN
1.586173,1.61358,156.351791,469.055359,NaN
1.855103,1.872232,156.351791,547.231262,NaN
