start,end,fmin,fmax,category
0.520998,0.539864,282.467529,954.54541,s
0.629841,0.644354,340.909088,1032.467529,s
0.82576,0.841723,214.285721,594.155823,s
1.146485,1.158095,146.103897,642.857178,s
