start,end,fmin,fmax,category
0.310718,0.339254,147.540985,452.459015,s
