start,end,fmin,fmax,category
0.097653,0.115263,1326.409546,2652.819092,s
