start,end,fmin,fmax,category
0.666018,0.685277,456.310669,844.660156,s
1.519806,1.542274,398.058228,660.194214,s
1.651405,1.667453,398.058228,941.747559,s
1.933861,1.949909,436.893219,1640.776611,s
