start,end,fmin,fmax,category
1.119478,1.138691,-1.0,373.887238,NaN
1.16687,1.195049,204.747772,1495.54895,NaN
1.215543,1.230913,249.258148,1290.801147,NaN
1.245003,1.262935,193.548386,1461.290405,NaN
1.771439,1.789372,474.193542,2293.54834,NaN
1.827798,1.849572,391.691376,2109.792236,NaN
1.894403,1.912335,-1.0,2090.32251,NaN
1.946918,1.958446,319.354858,2012.90332,NaN
