start,end,fmin,fmax,category
0.383373,0.402622,228.260864,586.956543,s
