start,end,fmin,fmax,category
0.097525,0.111914,249.258148,525.222595,s
0.111914,0.127901,267.857147,598.214294,s
