start,end,fmin,fmax,category
0.545669,0.587755,568.181824,568.181824,s
1.306122,1.339501,388.349518,569.579285,s
1.934512,1.956281,1000.0,1022.727234,s
1.956281,1.980952,886.363647,886.363647,s
