start,end,fmin,fmax,category
0.255645,0.271524,1176.291748,1422.492432,s
0.363619,0.385849,1433.96228,1660.377319,s
0.46683,0.487472,584.90564,773.584961,s
0.712948,0.724063,547.1698,735.84906,s
1.055925,1.086094,141.50943,886.79248,s
1.351266,1.376672,433.96228,707.54718,s
1.940361,1.964179,127.659569,455.927063,s
