start,end,fmin,fmax,category
0.066817,0.087498,740.853638,1664.634155,s
0.287949,0.308631,192.073166,493.902466,s
0.450219,0.467719,192.073166,493.902466,s
