start,end,fmin,fmax,category
-0.0007259999999860156,0.025396999999998116,177.142853,400.0,s
0.48399100000000317,0.5159179999999992,240.0,622.857178,s
0.957098000000002,0.9861219999999946,222.857147,588.571411,s
1.2415420000000097,1.3605440000000044,160.0,1988.571411,b
1.4911559999999895,1.5375960000000077,205.714279,1217.142822,s
1.6014509999999973,1.6711109999999962,80.0,1988.571411,b
1.8017230000000097,1.8307479999999998,194.285721,754.285706,s
