start,end,fmin,fmax,category
1.3448919999999873,1.3595229999999958,312.741302,567.567566,NaN
