start,end,fmin,fmax,category
0.07752099999999018,0.09820700000000215,103.125,1434.375,NaN
0.3830429999999865,0.4069120000000055,140.625,637.5,NaN
0.4880670000000009,0.5087530000000129,93.75,871.875,NaN
0.6503759999999943,0.6662880000000087,187.5,2587.5,NaN
1.6321849999999927,1.6528720000000021,140.625,1162.5,NaN
1.8024509999999907,1.8231370000000027,131.25,281.25,NaN
1.9583939999999984,1.9790810000000079,103.125,590.625,NaN
