start,end,fmin,fmax,category
0.9206609999999955,0.9443410000000085,NaN,NaN,NaN
1.8427470000000028,1.8807789999999898,NaN,NaN,NaN
