start,end,fmin,fmax,category
0.9206609999999955,0.9443410000000085,195.439743,195.439743,s
1.8427470000000028,1.8807789999999898,371.33551,459.283356,s
