start,end,fmin,fmax,category
0.9770969999999863,0.9901030000000048,393.822388,648.648682,NaN
1.1217849999999885,1.1412929999999903,335.907349,637.065613,NaN
1.2534670000000006,1.268098000000009,312.741302,1111.969116,NaN
1.268098000000009,1.2892319999999984,196.911194,787.644775,NaN
1.3233720000000062,1.342880000000008,196.911194,625.482605,NaN
1.349382999999989,1.3770199999999875,220.077209,2119.691162,NaN
