start,end,fmin,fmax,category
0.06023500000000581,0.07773900000000822,563.106812,1067.961182,NaN
0.131842000000006,0.14616300000000138,337.5,1012.5,NaN
