start,end,fmin,fmax,category
1.0093200000000024,1.0252370000000042,792.284851,2367.952393,NaN
