start,end,fmin,fmax,category
0.5380780000000129,0.5718050000000119,NaN,NaN,NaN
0.8774919999999895,0.9047600000000102,NaN,NaN,NaN
0.9327450000000113,0.9607310000000098,NaN,NaN,NaN
