start,end,fmin,fmax,category
0.5380780000000129,0.5718050000000119,410.423431,439.73941,s
0.8774919999999895,0.9047600000000102,291.428589,300.0,s
0.9327450000000113,0.9607310000000098,257.142853,308.571442,s
