start,end,fmin,fmax,category
0.11809500000001094,0.21677999999999997,137.142853,1960.0,b
0.24870699999999601,0.3386849999999981,131.428574,1902.857178,b
0.4170520000000124,0.44898000000000593,188.571426,560.0,s
1.1368710000000135,1.180408,171.428574,788.571411,s
