start,end,fmin,fmax,category
0.8596609999999885,0.8807950000000062,243.243225,613.899597,NaN
