start,end,fmin,fmax,category
0.08589100000000371,0.12176999999999794,254.071671,302.93158,s
0.3212560000000053,0.36143999999998755,317.142853,385.714294,s
1.4435450000000003,1.4672250000000133,166.123779,195.439743,s
1.8949010000000044,1.9228860000000054,293.159607,312.703583,s
