start,end,fmin,fmax,category
0.08589100000000371,0.12176999999999794,NaN,NaN,NaN
0.3212560000000053,0.36143999999998755,NaN,NaN,NaN
1.4435450000000003,1.4672250000000133,NaN,NaN,NaN
1.8949010000000044,1.9228860000000054,NaN,NaN,NaN
