start,end,fmin,fmax,category
1.396823000000012,1.4191059999999993,934.718079,2483.679688,NaN
