start,end,fmin,fmax,category
0.0493150000000071,0.0731839999999977,121.874992,815.625,NaN
0.6062569999999994,0.6237610000000018,365.625,1059.375,NaN
1.704228999999998,1.7217330000000004,140.625,506.25,NaN
1.8028869999999984,1.8156170000000031,106.79612,543.689331,NaN
1.8251649999999984,1.8458510000000103,106.79612,650.485413,NaN
1.912684000000013,1.938143999999994,159.375,515.625,NaN
1.957240000000013,1.976335000000006,135.922333,427.184479,NaN
