start,end,fmin,fmax,category
0.5242629999999906,0.5474829999999997,314.285736,571.428589,s
0.6809979999999882,0.7216329999999971,302.857117,582.857117,s
0.8319270000000074,0.8580499999999915,91.428574,451.428558,s
0.8580499999999915,0.8899769999999876,97.14286,320.0,s
0.9277099999999905,0.9654419999999959,97.14286,331.428558,s
1.7520179999999925,1.783945999999986,114.285713,737.142883,s
1.920363000000009,1.949387999999999,102.85714,1120.0,s
