start,end,fmin,fmax,category
1.0104650000000106,1.060861999999986,185.328186,857.142883,NaN
