start,end,fmin,fmax,category
1.4821799999999996,1.5044240000000002,459.283356,469.055359,s
1.7132389999999873,1.7469649999999888,420.0,462.857147,s
