start,end,fmin,fmax,category
1.4821799999999996,1.5044240000000002,NaN,NaN,NaN
1.7132389999999873,1.7469649999999888,NaN,NaN,NaN
