start,end,fmin,fmax,category
0.3818589999999915,0.42249400000000037,142.857147,782.857117,s
0.4544219999999939,0.48925199999999336,182.857147,657.142883,s
0.509568999999999,0.5850340000000074,137.142853,1982.857056,b
0.6285709999999938,0.6634009999999932,125.714287,680.0,s
0.6634009999999932,0.7069390000000055,165.714279,697.142822,s
1.20036300000001,1.232290000000006,154.285721,628.571472,s
1.4673919999999896,1.5080269999999985,205.714279,760.0,s
1.6589569999999867,1.7866669999999942,131.428574,1074.285767,b
