start,end,fmin,fmax,category
0.1879729999999995,0.2118419999999901,159.375,487.499969,NaN
