start,end,fmin,fmax,category
0.16979599999999095,0.19882100000000946,160.0,594.285706,s
0.9592739999999935,1.0028120000000058,222.857147,600.0,s
1.1624490000000094,1.1914739999999995,205.714279,685.714294,s
1.551382999999987,1.583311000000009,160.0,720.0,s
1.583311000000009,1.612335999999999,245.714294,508.571442,s
1.6268479999999954,1.6616779999999949,171.428574,600.0,s
1.7284349999999904,1.8097050000000081,148.571426,1080.0,b
1.8445350000000076,1.9374149999999872,137.142853,1965.714355,b
