start,end,fmin,fmax,category
0.18325200000001018,0.2069319999999948,325.714264,342.857147,s
0.6023160000000018,0.6224080000000072,263.843658,342.019531,s
1.479912000000013,1.506461999999999,154.285721,205.714279,s
1.6277330000000063,1.6542829999999924,102.85714,180.0,s
1.8257839999999987,1.8537689999999998,325.714264,342.857147,s
1.911892999999992,1.9405959999999993,263.843658,273.615631,s
1.9405959999999993,1.9628409999999974,617.142883,625.714294,s
1.9628409999999974,1.9865210000000104,600.0,702.857117,s
1.9865210000000104,2.0087660000000085,617.142883,617.142883,s
