start,end,fmin,fmax,category
0.9504059999999868,0.9758669999999938,131.25,543.75,NaN
1.1731829999999945,1.1890960000000064,112.500008,815.625,NaN
1.3036669999999901,1.3323100000000068,131.25,984.375,NaN
