start,end,fmin,fmax,category
0.2459090000000117,0.263417000000004,854.599426,2590.504395,NaN
0.8093590000000006,0.8252760000000023,677.419312,2593.54834,NaN
