start,end,fmin,fmax,category
0.18325200000001018,0.2069319999999948,NaN,NaN,NaN
0.6023160000000018,0.6224080000000072,NaN,NaN,NaN
1.479912000000013,1.506461999999999,NaN,NaN,NaN
1.6277330000000063,1.6542829999999924,NaN,NaN,NaN
1.8257839999999987,1.8537689999999998,NaN,NaN,NaN
1.911892999999992,1.9405959999999993,NaN,NaN,NaN
1.9405959999999993,1.9628409999999974,NaN,NaN,NaN
1.9628409999999974,1.9865210000000104,NaN,NaN,NaN
1.9865210000000104,2.0087660000000085,NaN,NaN,NaN
