start,end,fmin,fmax,category
0.004172000000011167,0.047709999999995034,120.0,742.857178,s
0.06802700000000073,0.12898000000001275,148.571426,822.857117,s
0.18702899999999545,0.2857140000000129,137.142853,2000.0,b
0.38439900000000193,0.5208159999999964,125.714287,1977.142822,b
0.7065760000000125,0.7443079999999895,125.714287,771.428589,s
0.7994559999999922,0.9213609999999903,160.0,1914.285645,bc
1.0084349999999915,1.034558000000004,228.571426,542.857178,s
1.7311559999999986,1.7601809999999887,205.714279,651.428589,s
1.8704759999999965,1.90240399999999,177.142853,1817.142822,s
