start,end,fmin,fmax,category
0.7951009999999883,0.8211119999999994,196.911194,694.980713,NaN
