start,end,fmin,fmax,category
0.28483600000001275,0.3039359999999931,792.284851,2528.189941,NaN
