start,end,fmin,fmax,category
1.4043529999999862,1.4234480000000076,131.25,2203.125,NaN
1.5475669999999866,1.565070999999989,446.601929,786.407776,NaN
