start,end,fmin,fmax,category
0.0010880000000099699,0.03591800000000944,234.285706,782.857117,s
0.17523800000000733,0.20716600000000085,217.142853,662.857117,s
1.4987759999999923,1.5394100000000037,645.714294,645.714294,s
1.8441719999999862,1.879002000000014,142.857147,1142.857178,s
