start,end,fmin,fmax,category
0.15360200000000646,0.1823050000000137,NaN,NaN,NaN
1.3985969999999952,1.4222770000000082,NaN,NaN,NaN
1.684191999999996,1.7071540000000027,NaN,NaN,NaN
1.8757850000000076,1.8994649999999922,NaN,NaN,NaN
1.9956200000000024,2.0135600000000125,NaN,NaN,NaN
