start,end,fmin,fmax,category
0.15360200000000646,0.1823050000000137,282.857147,317.142853,s
1.3985969999999952,1.4222770000000082,377.142853,411.428558,s
1.684191999999996,1.7071540000000027,312.703583,322.475586,s
1.8757850000000076,1.8994649999999922,257.142853,325.714264,s
1.9956200000000024,2.0135600000000125,293.159607,322.475586,s
