start,end,fmin,fmax,category
0.4939599999999871,0.5199709999999982,243.243225,799.227844,NaN
0.7199329999999975,0.7394409999999993,162.16217,416.988403,NaN
