start,end,fmin,fmax,category
0.02702899999999886,0.13732400000000666,137.142853,1971.428467,b
0.3230839999999944,0.5030390000000011,908.571411,908.571411,bc
0.5523809999999969,0.6568709999999953,160.0,662.857117,b
0.8107029999999895,0.842630000000014,194.285721,622.857178,s
1.498593999999997,1.5305219999999906,142.857147,1897.142944,s
