start,end,fmin,fmax,category
1.4004569999999887,1.4163739999999905,988.130554,2181.009033,NaN
