start,end,fmin,fmax,category
-0.004379999999997608,0.013560000000012451,293.159607,322.475586,s
0.013560000000012451,0.04369800000000623,385.714294,394.285706,s
0.06450699999999188,0.10469200000000001,127.035835,136.807816,s
0.10469200000000001,0.15635700000001407,557.142883,668.571472,s
0.25323000000000206,0.2733220000000074,361.563507,381.107483,s
0.2733220000000074,0.31781200000000354,651.428528,745.714294,s
1.1954079999999863,1.226980999999995,293.159607,312.703583,s
1.8677769999999896,1.9022199999999998,257.142853,317.142853,s
