start,end,fmin,fmax,category
0.5114570000000072,0.530965000000009,185.328186,683.397644,NaN
