start,end,fmin,fmax,category
-0.004379999999997608,0.013560000000012451,NaN,NaN,NaN
0.013560000000012451,0.04369800000000623,NaN,NaN,NaN
0.06450699999999188,0.10469200000000001,NaN,NaN,NaN
0.10469200000000001,0.15635700000001407,NaN,NaN,NaN
0.25323000000000206,0.2733220000000074,NaN,NaN,NaN
0.2733220000000074,0.31781200000000354,NaN,NaN,NaN
1.1954079999999863,1.226980999999995,NaN,NaN,NaN
1.8677769999999896,1.9022199999999998,NaN,NaN,NaN
