start,end,fmin,fmax,category
0.2071899999999971,0.24809200000001397,127.035835,175.895767,s
0.5666960000000074,0.5989869999999939,-1.0,127.035835,s
1.6602829999999926,1.681810000000013,231.428574,308.571442,s
