start,end,fmin,fmax,category
0.3867569999999887,0.41868500000001063,234.285706,622.857178,s
1.0978680000000054,1.1762359999999887,188.571426,1977.142822,b
1.2371880000000033,1.2662129999999934,125.714287,771.428589,s
1.4374599999999873,1.5332429999999988,148.571426,1971.428467,b
1.6638550000000123,1.7625400000000013,120.0,1965.714355,b
