start,end,fmin,fmax,category
0.2071899999999971,0.24809200000001397,NaN,NaN,NaN
0.5666960000000074,0.5989869999999939,NaN,NaN,NaN
1.6602829999999926,1.681810000000013,NaN,NaN,NaN
