start,end,fmin,fmax,category
1.4557100000000105,1.476395999999994,112.500008,909.375,NaN
