start,end,fmin,fmax,category
0.817733000000004,0.8464360000000113,NaN,NaN,NaN
1.2418209999999874,1.2690890000000081,NaN,NaN,NaN
