start,end,fmin,fmax,category
0.4198519999999917,0.4373600000000124,943.620178,2163.204834,NaN
1.519695000000013,1.5356109999999887,551.928772,2724.035645,NaN
