start,end,fmin,fmax,category
0.20081600000000321,0.24725599999999304,160.0,1805.714233,s
1.210883999999993,1.2370070000000055,165.714279,685.714294,s
1.3531069999999943,1.3850339999999903,142.857147,765.714294,s
