start,end,fmin,fmax,category
0.817733000000004,0.8464360000000113,188.571426,282.857147,s
1.2418209999999874,1.2690890000000081,302.93158,371.33551,s
