start,end,fmin,fmax,category
0.3754600000000039,0.3913729999999873,150.0,815.625,NaN
0.5457250000000045,0.5648209999999949,106.79612,660.194214,NaN
0.6173320000000047,0.6427930000000117,116.504852,864.077637,NaN
0.9037600000000054,0.9228549999999984,112.500008,2231.25,NaN
1.1432450000000074,1.1543839999999932,119.760475,772.455078,NaN
1.1599530000000016,1.1750700000000052,125.748505,748.502991,NaN
1.6731359999999995,1.690640000000002,143.712585,1029.940063,NaN
