start,end,fmin,fmax,category
0.8325739999999939,0.8553339999999992,162.16217,509.652527,NaN
