start,end,fmin,fmax,category
1.7103539999999988,1.7246789999999983,685.4599,2465.875488,NaN
