start,end,fmin,fmax,category
1.0692060000000012,1.0953289999999996,308.571442,1702.857178,s
