start,end,fmin,fmax,category
0.15653500000000165,0.17881300000000167,103.125,403.125031,NaN
0.3283920000000009,0.34907799999999867,356.25,1359.375,NaN
0.36499099999999984,0.39045099999999877,126.213593,844.660156,NaN
0.4079550000000012,0.43500600000000134,106.79612,533.980591,NaN
0.46842300000000137,0.49865700000000146,121.874992,890.625,NaN
0.6466439999999984,0.6689219999999985,126.213593,766.990295,NaN
1.8209969999999984,1.8480479999999986,243.749985,1162.5,NaN
