start,end,fmin,fmax,category
0.4318230000000014,0.44724000000000075,166.123779,1807.817627,NaN
1.617170999999999,1.6394389999999994,127.035835,752.442932,NaN
