start,end,fmin,fmax,category
0.5585440000000013,0.5809260000000016,230.769241,987.692261,NaN
