start,end,fmin,fmax,category
1.2607709999999983,1.2839910000000003,155.844162,477.272705,s
