start,end,fmin,fmax,category
0.3663090000000011,0.38533199999999823,147.540985,314.754089,s
0.6897090000000006,0.7055620000000005,167.21312,560.655762,s
