start,end,fmin,fmax,category
1.1111709999999988,1.1288160000000005,119.565224,521.739136,s
1.2090199999999989,1.2330809999999985,-1.0,521.739136,s
1.2828069999999983,1.3036600000000007,-1.0,467.391296,s
1.391884000000001,1.4143410000000003,-1.0,250.0,s
1.5202090000000013,1.5410620000000002,-1.0,228.260864,s
1.6068290000000012,1.6340980000000016,108.695648,771.739136,s
