start,end,fmin,fmax,category
0.5304040000000043,0.5479119999999966,629.032227,2912.90332,NaN
