start,end,fmin,fmax,category
0.3181849999999997,0.3533470000000136,NaN,NaN,NaN
0.4947090000000003,0.5126490000000103,NaN,NaN,NaN
0.5944519999999898,0.6116739999999936,NaN,NaN,NaN
1.27686700000001,1.3127460000000042,NaN,NaN,NaN
1.501468999999986,1.5273019999999917,NaN,NaN,NaN
1.5273019999999917,1.553134,NaN,NaN,NaN
1.5854249999999865,1.6162809999999865,NaN,NaN,NaN
1.7669720000000098,1.8150500000000136,NaN,NaN,NaN
