start,end,fmin,fmax,category
0.24837700000000495,0.2611080000000072,274.576263,559.322021,NaN
0.5085489999999879,0.5228700000000117,191.582016,818.577637,NaN
