start,end,fmin,fmax,category
0.4241269999999986,0.45895699999999806,148.571426,788.571411,s
0.49378699999999753,0.5228119999999876,165.714279,760.0,s
0.8420859999999948,0.9552830000000085,1982.857056,1982.857056,b
1.4167799999999886,1.7650789999999859,108.571426,-1.0,bc
