start,end,fmin,fmax,category
0.3181849999999997,0.3533470000000136,322.475586,332.247559,s
0.4947090000000003,0.5126490000000103,265.714294,308.571442,s
0.5944519999999898,0.6116739999999936,517.915283,537.45929,s
1.27686700000001,1.3127460000000042,188.571426,274.285706,s
1.501468999999986,1.5273019999999917,234.527679,293.159607,s
1.5273019999999917,1.553134,642.857178,728.571411,s
1.5854249999999865,1.6162809999999865,195.439743,263.843658,s
1.7669720000000098,1.8150500000000136,293.159607,381.107483,s
