start,end,fmin,fmax,category
1.6938110000000108,1.7165709999999876,173.745178,741.312744,NaN
