start,end,fmin,fmax,category
0.18890700000000038,0.21115199999999845,NaN,NaN,NaN
0.28075699999999415,0.30371900000000096,NaN,NaN,NaN
1.2243699999999933,1.2458970000000136,NaN,NaN,NaN
1.6570680000000095,1.6843360000000018,NaN,NaN,NaN
1.6843360000000018,1.7173449999999946,NaN,NaN,NaN
