start,end,fmin,fmax,category
0.7482520000000079,0.7609830000000102,325.423737,701.694946,NaN
0.9726210000000037,0.9869419999999991,142.372879,2298.305176,NaN
1.3274720000000002,1.3370199999999954,244.067795,1077.966064,NaN
1.3529330000000073,1.365663000000012,254.237289,711.86438,NaN
