start,end,fmin,fmax,category
0.8691939999999931,0.8968309999999917,162.16217,579.150574,NaN
