start,end,fmin,fmax,category
0.4563220000000001,0.4754220000000089,841.935486,1925.806396,NaN
0.5374979999999994,0.5565980000000081,854.599426,2181.009033,NaN
