start,end,fmin,fmax,category
0.5603629999999953,0.5922899999999913,125.714287,748.571472,s
0.6967799999999897,0.7403170000000046,120.0,1897.142944,s
0.8767349999999965,0.8999550000000056,234.285706,640.0,s
1.1176419999999894,1.1582769999999982,131.428574,1977.142822,s
1.373061000000007,1.4049890000000005,91.428574,428.571442,s
1.5559179999999913,1.5907479999999907,342.857147,634.285706,s
