start,end,fmin,fmax,category
0.18890700000000038,0.21115199999999845,322.475586,390.879486,s
0.28075699999999415,0.30371900000000096,283.387634,302.93158,s
1.2243699999999933,1.2458970000000136,300.0,300.0,s
1.6570680000000095,1.6843360000000018,308.571442,308.571442,s
1.6843360000000018,1.7173449999999946,505.714294,634.285706,s
