start,end,fmin,fmax,category
1.753108999999995,1.7717660000000137,NaN,NaN,NaN
1.9640760000000057,1.9834510000000023,NaN,NaN,NaN
