start,end,fmin,fmax,category
1.753108999999995,1.7717660000000137,565.714294,617.142883,s
1.9640760000000057,1.9834510000000023,394.285706,402.857147,s
