start,end,fmin,fmax,category
0.5615500000000111,0.5810590000000104,150.579147,532.818542,NaN
0.7663890000000038,0.7858970000000056,196.911194,579.150574,NaN
1.0330040000000054,1.059014999999988,173.745178,926.640869,NaN
