start,end,fmin,fmax,category
0.31927400000000716,0.34829899999999725,354.285706,851.428589,s
0.4702039999999954,0.4934240000000045,177.142853,788.571411,s
0.528254000000004,0.5630840000000035,148.571426,725.714294,s
0.6588659999999891,0.7024040000000014,142.857147,1845.714355,s
0.7343309999999974,0.8388209999999958,137.142853,2000.0,b
0.8678459999999859,0.893968000000001,114.285713,1125.714355,s
1.0710200000000043,1.1000449999999944,114.285713,880.0,s
1.3641719999999964,1.6660320000000013,97.14286,-1.0,bc
1.8837190000000135,2.1304309999999873,125.714287,1057.142822,m
