start,end,fmin,fmax,category
0.06023099999998749,0.08104099999999903,NaN,NaN,NaN
0.8560239999999908,0.8732449999999972,NaN,NaN,NaN
0.9392620000000136,0.9658129999999971,NaN,NaN,NaN
1.018195999999989,1.054791999999992,NaN,NaN,NaN
1.8455610000000036,1.8800050000000113,NaN,NaN,NaN
