start,end,fmin,fmax,category
-0.11628099999998653,0.1304309999999873,125.714287,1057.142822,m
0.475828000000007,0.5019499999999937,211.428574,600.0,s
0.6673920000000066,0.6964169999999967,171.428574,777.142883,s
0.7922000000000082,0.8241270000000043,177.142853,725.714294,s
1.0011790000000076,1.0389120000000105,245.714294,651.428589,s
1.0882540000000063,1.134693999999996,188.571426,714.285706,s
