start,end,fmin,fmax,category
1.6636660000000063,1.676396000000011,152.542374,2227.118652,NaN
1.7448200000000043,1.7702800000000138,162.711868,508.474579,NaN
