start,end,fmin,fmax,category
0.40347099999999614,0.42623100000000136,162.16217,625.482605,NaN
