start,end,fmin,fmax,category
0.06023099999998749,0.08104099999999903,283.387634,322.475586,s
0.8560239999999908,0.8732449999999972,471.428589,480.0,s
0.9392620000000136,0.9658129999999971,381.107483,420.195435,s
1.018195999999989,1.054791999999992,537.45929,547.231262,s
1.8455610000000036,1.8800050000000113,234.527679,263.843658,s
