start,end,fmin,fmax,category
0.23592300000001387,0.25888499999999226,459.283356,469.055359,s
0.7676470000000108,0.7870220000000074,390.879486,420.195435,s
1.562722000000008,1.5871190000000013,342.019531,381.107483,s
1.6990610000000004,1.718435999999997,469.055359,488.599335,s
