start,end,fmin,fmax,category
0.14581799999999134,0.1665050000000008,132.203384,2186.440674,NaN
0.17446100000000797,0.19355600000000095,-1.0,894.915283,NaN
1.5827290000000005,1.60341600000001,122.033897,508.474579,NaN
