start,end,fmin,fmax,category
0.23592300000001387,0.25888499999999226,NaN,NaN,NaN
0.7676470000000108,0.7870220000000074,NaN,NaN,NaN
1.562722000000008,1.5871190000000013,NaN,NaN,NaN
1.6990610000000004,1.718435999999997,NaN,NaN,NaN
