start,end,fmin,fmax,category
0.27140399999998976,0.2909119999999916,162.16217,567.567566,NaN
0.4990019999999902,0.5136329999999987,359.073364,613.899597,NaN
0.713594999999998,0.7363550000000032,162.16217,868.72583,NaN
