start,end,fmin,fmax,category
1.8607629999999915,1.8782710000000122,961.424316,2554.89624,NaN
