start,end,fmin,fmax,category
0.18916600000000017,0.20710500000001275,342.019531,390.879486,s
0.9777819999999906,1.0057679999999891,293.159607,332.247559,s
1.1205799999999897,1.1464129999999955,282.857147,282.857147,s
1.1980780000000095,1.2160169999999937,214.983719,283.387634,s
1.3107379999999864,1.3322650000000067,400.651489,400.651489,s
1.3401580000000024,1.356662,449.511414,449.511414,s
1.9170900000000017,1.9422050000000013,224.755707,254.071671,s
