start,end,fmin,fmax,category
0.18916600000000017,0.20710500000001275,NaN,NaN,NaN
0.9777819999999906,1.0057679999999891,NaN,NaN,NaN
1.1205799999999897,1.1464129999999955,NaN,NaN,NaN
1.1980780000000095,1.2160169999999937,NaN,NaN,NaN
1.3107379999999864,1.3322650000000067,NaN,NaN,NaN
1.3401580000000024,1.356662,NaN,NaN,NaN
1.9170900000000017,1.9422050000000013,NaN,NaN,NaN
