start,end,fmin,fmax,category
0.2838999999999885,0.3883899999999869,97.14286,1965.714355,b
1.7815870000000018,1.807709999999986,148.571426,651.428589,s
1.8396370000000104,1.8570520000000101,137.142853,371.428589,s
1.8570520000000101,1.8802719999999908,222.857147,571.428589,s
1.9296150000000125,1.9528339999999957,131.428574,760.0,s
1.9934690000000046,2.1037640000000124,120.0,1994.285645,b
