start,end,fmin,fmax,category
0.6661469999999952,0.6804720000000088,754.838684,2603.22583,NaN
0.8826139999999896,0.8985309999999913,801.18689,1807.121704,NaN
1.1452390000000037,1.159563999999989,774.193542,2690.32251,NaN
