start,end,fmin,fmax,category
0.7262149999999963,0.7505999999999915,138.99614,683.397644,NaN
