start,end,fmin,fmax,category
0.42812399999999684,0.45040700000001266,454.005951,2804.154297,NaN
