start,end,fmin,fmax,category
0.2815119999999922,0.3053810000000112,111.86441,915.254211,NaN
0.46609900000001403,0.49474200000000224,122.033897,844.067749,NaN
0.5329319999999882,0.547253000000012,315.254242,2196.610107,NaN
1.5704360000000008,1.5911220000000128,132.203384,671.186462,NaN
1.6499990000000082,1.6786419999999964,142.372879,1169.491455,NaN
1.8616370000000018,1.8743670000000066,122.033897,538.983032,NaN
