start,end,fmin,fmax,category
-0.006530999999995402,0.1037640000000124,120.0,1994.285645,b
0.13859400000001187,0.1705220000000054,1680.0,1680.0,s
0.20825400000001082,0.22566900000001056,74.285713,1148.571411,s
0.32145099999999616,0.44045399999998835,114.285713,1988.571411,b
0.826484999999991,0.8555100000000095,102.85714,794.285706,s
0.8729250000000093,1.2734690000000057,137.142853,1960.0,bc
1.3112020000000086,1.615963999999991,142.857147,1960.0,bc
