start,end,fmin,fmax,category
0.21847199999999134,0.24071599999999194,273.615631,302.93158,s
0.4559889999999882,0.4789519999999925,263.843658,273.615631,s
1.7763300000000015,1.7906810000000064,617.142883,617.142883,s
1.8502400000000137,1.8696150000000102,361.563507,371.33551,s
