start,end,fmin,fmax,category
0.32265499999999747,0.33891199999999344,150.579147,509.652527,NaN
0.802236999999991,0.8233710000000087,127.413132,1216.216187,NaN
