start,end,fmin,fmax,category
0.21847199999999134,0.24071599999999194,NaN,NaN,NaN
0.4559889999999882,0.4789519999999925,NaN,NaN,NaN
1.7763300000000015,1.7906810000000064,NaN,NaN,NaN
1.8502400000000137,1.8696150000000102,NaN,NaN,NaN
