start,end,fmin,fmax,category
0.1006800000000112,0.13260800000000472,177.142853,582.857117,s
0.6608620000000087,0.6956920000000082,125.714287,1874.285645,s
1.8508840000000077,1.871202000000011,148.571426,1080.0,s
1.929251999999991,1.9553740000000062,165.714279,480.0,s
