start,end,fmin,fmax,category
0.3986769999999922,0.41656000000000404,370.656372,671.814697,NaN
