start,end,fmin,fmax,category
0.08632299999999304,0.11789600000000178,NaN,NaN,NaN
0.49892900000000395,0.5326550000000054,NaN,NaN,NaN
0.7945709999999906,0.8175329999999974,NaN,NaN,NaN
0.9093829999999912,0.926604999999995,NaN,NaN,NaN
1.8436670000000106,1.870935000000003,NaN,NaN,NaN
