start,end,fmin,fmax,category
0.03667599999999993,0.05895399999999995,162.711868,874.576294,NaN
0.8227599999999882,0.8545849999999859,122.033897,966.101746,NaN
0.9325570000000027,0.9564259999999933,132.203384,1016.949158,NaN
