start,end,fmin,fmax,category
0.1646340000000066,0.18214199999999892,667.655762,2554.89624,NaN
0.4224839999999972,0.44158400000000597,764.516113,2612.90332,NaN
