start,end,fmin,fmax,category
0.08632299999999304,0.11789600000000178,420.195435,449.511414,s
0.49892900000000395,0.5326550000000054,342.019531,449.511414,s
0.7945709999999906,0.8175329999999974,677.142822,702.857117,s
0.9093829999999912,0.926604999999995,437.142853,454.285706,s
1.8436670000000106,1.870935000000003,240.0,265.714294,s
