start,end,fmin,fmax,category
0.9996089999999924,1.0171129999999948,142.372879,518.644043,NaN
1.1571439999999882,1.1794209999999907,122.033897,955.932251,NaN
