start,end,fmin,fmax,category
0.24059800000000564,0.2584809999999891,196.911194,567.567566,NaN
0.7819570000000056,0.8047170000000108,150.579147,1135.135132,NaN
1.245282000000003,1.2582879999999932,185.328186,660.231628,NaN
1.908569,1.9232000000000085,173.745178,579.150574,NaN
