start,end,fmin,fmax,category
0.19628099999999904,0.2224040000000116,125.714287,1171.428589,s
0.32689300000001253,0.43138300000001095,137.142853,1885.714233,b
0.43138300000001095,0.5736049999999864,131.428574,1942.857178,b
0.5968249999999955,0.698412999999988,131.428574,1108.571411,b
0.698412999999988,1.151202000000012,137.142853,1954.285767,bc
1.4501590000000135,1.5778679999999952,142.857147,880.0,m
