start,end,fmin,fmax,category
0.4808749999999975,0.501685000000009,NaN,NaN,NaN
0.8863059999999905,0.9135740000000112,NaN,NaN,NaN
0.9135740000000112,0.9286429999999939,NaN,NaN,NaN
0.9946600000000103,1.0312560000000133,NaN,NaN,NaN
1.0721580000000017,1.1101899999999887,NaN,NaN,NaN
1.2422239999999931,1.274515000000008,NaN,NaN,NaN
1.3340729999999894,1.3692350000000033,NaN,NaN,NaN
1.3835860000000082,1.400808000000012,NaN,NaN,NaN
1.400808000000012,1.4259230000000116,NaN,NaN,NaN
