start,end,fmin,fmax,category
0.4808749999999975,0.501685000000009,410.423431,469.055359,s
0.8863059999999905,0.9135740000000112,224.755707,283.387634,s
0.9135740000000112,0.9286429999999939,557.142883,582.857178,s
0.9946600000000103,1.0312560000000133,254.071671,361.563507,s
1.0721580000000017,1.1101899999999887,257.142853,325.714264,s
1.2422239999999931,1.274515000000008,322.475586,381.107483,s
1.3340729999999894,1.3692350000000033,478.827362,478.827362,s
1.3835860000000082,1.400808000000012,420.195435,459.283356,s
1.400808000000012,1.4259230000000116,891.428589,900.000061,s
