start,end,fmin,fmax,category
1.0221050000000105,1.0380169999999964,122.033897,1108.474609,NaN
