start,end,fmin,fmax,category
0.4420110000000079,0.46712700000000495,NaN,NaN,NaN
0.4922420000000045,0.5223799999999983,NaN,NaN,NaN
0.5396020000000021,0.5718929999999887,NaN,NaN,NaN
0.6680479999999989,0.6981859999999926,NaN,NaN,NaN
0.6981859999999926,0.7304770000000076,NaN,NaN,NaN
0.753438999999986,0.7907529999999952,NaN,NaN,NaN
0.7907529999999952,0.8144330000000082,NaN,NaN,NaN
