start,end,fmin,fmax,category
1.5225399999999922,1.5486620000000073,211.428574,640.0,s
1.8650340000000085,1.8969610000000046,205.714279,520.0,s
1.8969610000000046,1.9259859999999946,114.285713,560.0,s
1.9521090000000072,1.9840360000000032,108.571426,880.0,s
