start,end,fmin,fmax,category
0.1274380000000015,0.1518240000000013,185.328186,613.899597,NaN
0.6818029999999986,0.7061880000000009,185.328186,637.065613,NaN
0.7809699999999999,0.8004789999999993,173.745178,764.47876,NaN
1.1451279999999997,1.1613849999999992,196.911194,532.818542,NaN
1.8669399999999996,1.8848219999999998,463.320435,1911.196899,NaN
