start,end,fmin,fmax,category
0.2729159999999986,0.30633200000000116,112.500008,290.625,NaN
0.5561609999999995,0.5816209999999984,103.125,431.25,NaN
0.6420889999999986,0.6723229999999987,106.79612,427.184479,NaN
1.148111,1.1672060000000002,412.5,1865.625,NaN
1.4488589999999988,1.4695460000000011,178.125,974.999939,NaN
