start,end,fmin,fmax,category
1.5613460000000003,1.578475000000001,205.211716,1719.869751,NaN
