start,end,fmin,fmax,category
0.6278460000000017,0.6452610000000014,185.064941,1383.116821,s
0.6960540000000002,0.7134689999999999,165.584412,1159.09082,s
