start,end,fmin,fmax,category
0.2353740000000002,0.2639090000000017,108.196724,786.885193,s
0.3685389999999984,0.5508479999999984,108.196724,816.393433,s
