start,end,fmin,fmax,category
0.018108000000001567,0.03091699999999875,1296.77417,2080.645264,NaN
0.5804089999999995,0.5983410000000013,427.299713,1691.394775,NaN
0.5983410000000013,0.6201159999999994,267.062317,1878.338257,NaN
0.6303629999999991,0.6534179999999985,135.483871,2158.064697,NaN
0.6995289999999983,0.7200230000000012,135.483871,2235.483887,NaN
1.1439899999999987,1.170888999999999,-1.0,2264.516113,NaN
1.8663990000000013,1.8868930000000006,284.866455,1878.338257,NaN
