start,end,fmin,fmax,category
0.2203179999999918,0.23657499999998777,138.99614,521.235535,NaN
0.6673859999999934,0.6917719999999861,173.745178,1366.795288,NaN
1.2119959999999992,1.2315049999999985,243.243225,671.814697,NaN
1.3566840000000013,1.3729409999999973,115.830109,671.814697,NaN
