start,end,fmin,fmax,category
0.6247319999999945,0.6507430000000056,150.579147,671.814697,NaN
1.9659369999999967,1.983819000000011,138.99614,602.316589,NaN
