start,end,fmin,fmax,category
-0.4747389999999996,0.37859399999999255,160.0,1960.0,bc
0.37859399999999255,0.6572339999999883,725.714294,725.714294,bc
0.6572339999999883,0.6920629999999903,262.857147,788.571411,s
0.8458960000000104,1.8182309999999973,148.571426,1982.857056,bc
1.9836730000000102,2.0126980000000003,200.0,925.714294,s
