start,end,fmin,fmax,category
0.11255700000000957,0.13006100000001197,111.86441,2206.779541,NaN
