start,end,fmin,fmax,category
0.6537270000000035,0.6696440000000052,551.928772,2403.560791,NaN
0.874968999999993,0.8972520000000088,493.548401,2816.12915,NaN
