start,end,fmin,fmax,category
0.44226699999998687,0.47153000000000134,162.16217,1332.046387,NaN
