start,end,fmin,fmax,category
-0.039727999999996655,0.7990929999999992,609.686584,609.686584,bc
1.3621770000000026,2.3490250000000117,125.356125,1982.906006,bc
