start,end,fmin,fmax,category
1.3777980000000127,1.393714999999986,845.697388,2706.231445,NaN
