start,end,fmin,fmax,category
-0.6378229999999974,0.3490250000000117,125.356125,1982.906006,bc
0.430295000000001,0.46512500000000045,96.866096,1726.495728,s
0.7408619999999928,0.7843990000000076,113.960114,1737.891846,s
1.422947999999991,1.449070000000006,193.732193,586.894592,s
1.9628120000000138,2.003446999999994,131.054138,564.1026,s
