start,end,fmin,fmax,category
0.12448399999999538,0.14236700000000724,185.328186,555.984558,NaN
0.6772229999999979,0.6983569999999872,162.16217,637.065613,NaN
