start,end,fmin,fmax,category
0.9675019999999961,0.9834140000000104,132.203384,2125.423828,NaN
