start,end,fmin,fmax,category
1.1336589999999944,1.1515420000000063,185.328186,498.069489,NaN
