start,end,fmin,fmax,category
-0.03718799999998623,0.0034469999999942047,131.054138,564.1026,s
0.11954600000001392,0.14276599999999462,193.732193,626.78064,s
0.22113400000000638,0.25015899999999647,159.544159,660.968689,s
0.25015899999999647,0.27918399999998655,1179.487183,1954.415894,s
0.32852600000001075,0.36045400000000427,119.658119,678.062683,s
0.40399099999999066,0.8829020000000014,376.623352,376.623352,bc
1.303764000000001,1.8581409999999892,148.148148,1954.415894,b
1.8581409999999892,1.9539230000000032,113.960114,1572.649658,b
