start,end,fmin,fmax,category
1.4116830000000107,1.424412999999987,162.711868,1403.389893,NaN
