start,end,fmin,fmax,category
0.01519300000001067,0.03588400000001002,106.824928,534.124634,NaN
