start,end,fmin,fmax,category
1.9688960000000009,1.9911800000000142,560.830872,2528.189941,NaN
