start,end,fmin,fmax,category
0.0756460000000061,0.113379000000009,125.356125,1658.119629,s
0.1888439999999889,0.23238100000000372,102.564102,1880.341919,s
1.767799999999994,2.6414510000000178,96.866096,1943.02002,bc
