start,end,fmin,fmax,category
0.47285199999998895,0.48910900000001334,196.911194,2640.926514,NaN
0.5265009999999961,0.5443830000000105,127.413132,2513.513428,NaN
0.5622659999999939,0.5752720000000124,173.745178,2478.764648,NaN
0.784987000000001,0.801243999999997,162.16217,2664.092773,NaN
1.3214690000000076,1.3426029999999969,138.99614,961.390015,NaN
1.355608999999987,1.3718660000000114,127.413132,741.312744,NaN
1.4043800000000033,1.4271400000000085,196.911194,567.567566,NaN
