start,end,fmin,fmax,category
0.37167299999998704,0.39443299999999226,312.741302,532.818542,NaN
1.4153739999999857,1.4316309999999817,185.328186,2444.015381,NaN
1.927470000000028,1.9486049999999864,150.579147,590.733582,NaN
