start,end,fmin,fmax,category
0.8840379999999755,0.8983590000000277,1515.254272,2674.576416,NaN
