start,end,fmin,fmax,category
0.9605060000000094,0.9796059999999898,658.753723,2359.050293,NaN
1.5605649999999969,1.5796649999999772,275.964386,2510.385742,NaN
