start,end,fmin,fmax,category
-0.23220000000000596,0.6414510000000178,96.866096,1943.02002,bc
0.7343309999999974,0.7807710000000156,85.470085,888.888916,s
0.8417230000000018,0.8765530000000012,165.242172,820.512817,s
1.0390929999999798,1.3496599999999717,159.544159,1965.812012,bc
1.3612699999999904,1.387391999999977,649.572693,649.572693,s
1.497686999999985,1.5296149999999784,119.658119,780.62677,s
1.6195920000000115,1.654422000000011,279.202271,672.364624,s
1.7124719999999911,1.7473019999999906,188.311676,733.766235,s
