start,end,fmin,fmax,category
0.10931099999999105,0.12363199999998642,132.203384,732.20343,NaN
0.5914639999999736,0.6121499999999855,193.220352,2288.135742,NaN
