start,end,fmin,fmax,category
0.22040800000002037,0.23492099999998572,1370.129883,1993.506592,s
0.4090699999999856,0.5077549999999746,155.844147,889.610413,b
0.8270289999999818,0.8763720000000035,1766.381714,1766.381714,s
1.1492059999999924,1.1927440000000047,113.960114,809.11676,s
1.242085999999972,1.3030390000000125,74.074074,786.324829,s
1.4858960000000252,1.6252150000000256,113.960114,1943.02002,b
