start,end,fmin,fmax,category
0.25586199999997916,0.2786219999999844,127.413132,891.891907,NaN
