start,end,fmin,fmax,category
0.9875739999999986,1.0136959999999995,354.285706,1788.571533,s
1.4548750000000013,1.4780949999999997,1040.0,1691.428589,s
