start,end,fmin,fmax,category
1.8584250000000004,1.8779339999999998,162.16217,532.818542,NaN
