start,end,fmin,fmax,category
0.1814259999999983,0.19512999999999892,273.615631,1631.921753,NaN
0.31503500000000173,0.32531200000000027,244.299667,1201.954346,NaN
0.5274380000000001,0.5462799999999994,752.442932,1573.289917,NaN
0.7723869999999984,0.7912290000000013,146.579803,1495.114014,NaN
1.1852030000000013,1.2074710000000017,107.491859,1094.462524,NaN
