start,end,fmin,fmax,category
0.47712100000000035,0.48831300000000155,582.802551,1127.38855,NaN
0.5346769999999985,0.5506640000000012,468.152863,1031.847168,NaN
0.5762450000000001,0.6034240000000004,240.0,1338.461548,NaN
0.9487570000000005,0.9631459999999983,221.538467,1116.923096,NaN
