start,end,fmin,fmax,category
0.5768710000000006,0.5942860000000003,292.207794,1178.571411,s
0.6029930000000014,0.6247620000000005,165.584412,798.701294,s
1.4592290000000006,1.4838999999999984,136.363647,759.740234,s
1.5854880000000016,1.6014510000000008,165.584412,1490.259766,s
