start,end,fmin,fmax,category
0.009320999999999913,0.025173999999999808,157.377045,334.426239,s
0.2502859999999991,0.2677240000000012,167.21312,531.147522,s
1.895824000000001,1.924358999999999,118.032784,344.262299,s
