start,end,fmin,fmax,category
0.24925200000001269,0.27537399999999934,148.148148,655.27063,s
0.27537399999999934,0.30439899999998943,142.450134,626.78064,s
0.45823100000001205,0.49596400000001495,222.222229,626.78064,s
0.5801359999999818,0.6207709999999906,110.38961,857.142883,s
0.8674829999999929,0.8936049999999796,207.792206,850.649353,s
0.8936049999999796,0.9197280000000205,153.846161,717.94873,s
1.5292519999999854,1.5611789999999814,262.108276,621.082581,s
1.6047169999999937,1.8369159999999738,131.054138,2908.955535,bc
1.9094779999999787,2.0052610000000186,1019.942993,1019.942993,b
