start,end,fmin,fmax,category
0.08802900000000591,0.10103500000002441,127.413132,637.065613,NaN
