start,end,fmin,fmax,category
0.5137100000000032,0.5264399999999796,122.033897,2206.779541,NaN
