start,end,fmin,fmax,category
0.9411370000000261,0.9573940000000221,150.579147,718.146729,NaN
