start,end,fmin,fmax,category
0.48210299999999506,0.4980160000000069,437.288147,2328.813477,NaN
0.5266579999999976,0.539387999999974,437.288147,1047.457642,NaN
