start,end,fmin,fmax,category
-0.09052200000002131,0.005261000000018612,1019.942993,1019.942993,b
0.11845799999997553,0.18811799999997447,108.262108,763.532776,b
0.18811799999997447,0.28680300000002035,113.960114,826.210815,b
0.3216330000000198,0.35936500000002525,136.752136,763.532776,s
0.44934200000000146,0.6031750000000216,1794.871826,1794.871826,m
0.7482989999999745,0.7715190000000121,188.034195,649.572693,s
0.8789120000000139,0.9137410000000159,155.844147,577.922119,s
0.9979139999999802,1.0327439999999797,155.844147,889.610413,s
