start,end,fmin,fmax,category
1.25714499999998,1.2730619999999817,525.222595,2394.658691,NaN
