start,end,fmin,fmax,category
1.360699000000011,1.3766110000000253,132.203384,2186.440674,NaN
