start,end,fmin,fmax,category
1.0586850000000254,1.0906120000000215,193.732193,1247.863281,s
1.1138320000000022,1.151565000000005,149.350647,948.051941,s
1.354738999999995,1.4069840000000227,79.772079,1361.823364,s
1.6391840000000002,1.694330999999977,153.846161,757.834717,s
1.9961900000000128,2.025215000000003,142.450134,1863.247925,s
