start,end,fmin,fmax,category
0.21042499999998654,0.23806200000001354,138.99614,1042.471069,NaN
1.1614609999999743,1.180970000000002,254.826263,764.47876,NaN
1.2703829999999812,1.2980200000000082,185.328186,694.980713,NaN
1.377679999999998,1.4020649999999932,359.073364,579.150574,NaN
