start,end,fmin,fmax,category
0.022131999999999152,0.05696100000000115,188.311676,688.311707,s
0.17596400000002177,0.20208600000000843,233.618225,621.082581,s
0.23981900000001133,0.2688440000000014,159.544159,780.62677,s
0.7013150000000223,0.7187299999999937,170.94017,529.914551,s
0.7187299999999937,0.7564629999999966,233.618225,626.78064,s
0.9190019999999777,0.950930000000028,262.108276,638.176636,s
0.9741500000000087,0.994466999999986,176.638168,1259.259277,s
1.0612239999999815,1.4008160000000203,1868.945801,1868.945801,bc
1.6359180000000038,1.8419949999999972,131.054138,1863.247925,m
