start,end,fmin,fmax,category
1.786167999999975,1.8004930000000172,756.676575,2394.658691,NaN
