start,end,fmin,fmax,category
1.2911320000000046,1.3138910000000124,185.328186,648.648682,NaN
1.7642109999999889,1.7853450000000066,208.494202,590.733582,NaN
