start,end,fmin,fmax,category
0.14385499999997364,0.24254000000001952,125.356125,1982.906006,b
1.1307029999999827,1.1568250000000262,131.054138,746.438721,s
1.1829480000000103,1.2119730000000004,253.24675,785.714294,s
1.30485299999998,1.3251700000000142,153.846161,723.646729,s
1.5776870000000258,1.6096150000000193,205.128204,626.78064,s
1.6328340000000026,1.6589569999999867,142.450134,1829.059814,s
1.6589569999999867,2.5587300000000255,119.658119,1977.208008,bc
