start,end,fmin,fmax,category
0.3843180000000075,0.40341300000000047,142.372879,2216.949219,NaN
