start,end,fmin,fmax,category
0.28606200000001536,0.3055699999999888,162.16217,683.397644,NaN
0.355967000000021,0.373849000000007,220.077209,567.567566,NaN
0.853431999999998,0.8794429999999807,162.16217,590.733582,NaN
1.2289690000000064,1.2468519999999899,185.328186,625.482605,NaN
1.5947520000000281,1.614260999999999,324.324341,613.899597,NaN
1.695545999999979,1.7101769999999874,254.826263,625.482605,NaN
1.976791999999989,1.9946749999999724,266.409271,590.733582,NaN
