start,end,fmin,fmax,category
0.30030699999997523,0.32631800000001476,220.077209,741.312744,NaN
0.4986430000000155,0.5149000000000115,185.328186,532.818542,NaN
1.7260479999999916,1.7423049999999876,185.328186,474.903473,NaN
