start,end,fmin,fmax,category
0.1633499999999799,0.17767199999997274,284.745758,2400.0,NaN
