start,end,fmin,fmax,category
-0.3410430000000133,0.5587300000000255,119.658119,1977.208008,bc
0.9505669999999782,1.3249890000000164,131.054138,1868.945801,m
1.3830389999999966,1.4091609999999832,239.316238,672.364624,s
1.6674830000000043,1.6994100000000003,153.846161,672.364624,s
