start,end,fmin,fmax,category
0.6441300000000183,0.6616339999999923,132.203384,2196.610107,NaN
