start,end,fmin,fmax,category
0.16011099999997214,0.18287099999997736,185.328186,891.891907,NaN
0.2186360000000036,0.23814499999997452,220.077209,706.563721,NaN
1.8427130000000034,1.8605959999999868,208.494202,718.146729,NaN
