start,end,fmin,fmax,category
0.5527440000000183,0.5817690000000084,159.544159,1213.675293,s
