start,end,fmin,fmax,category
1.3318570000000136,1.3464880000000221,254.826263,613.899597,NaN
1.7529139999999757,1.7789250000000152,185.328186,1030.887939,NaN
