start,end,fmin,fmax,category
0.31745999999998276,0.8834469999999897,136.752136,1925.926025,bc
1.1156460000000266,1.3971880000000283,102.564102,1897.435913,m
1.3971880000000283,1.5248980000000074,103.896103,915.584473,b
1.8296599999999899,1.8731970000000047,240.259735,714.285706,s
