start,end,fmin,fmax,category
0.6222890000000234,0.6350189999999998,274.576263,2369.491455,NaN
