start,end,fmin,fmax,category
1.0283900000000017,1.0661220000000071,96.866096,1196.581299,s
1.2634919999999852,1.4144220000000018,142.450134,1994.302002,b
1.4811789999999974,1.8381860000000074,119.658119,1977.208008,bc
