start,end,fmin,fmax,category
0.39018900000002077,0.40644600000001674,243.243225,683.397644,NaN
