start,end,fmin,fmax,category
1.9829480000000004,2.0090700000000012,102.85714,760.0,s
