start,end,fmin,fmax,category
0.19006900000000115,0.21120300000000114,208.494202,602.316589,NaN
0.40953899999999877,0.4290470000000006,138.99614,532.818542,NaN
0.773696000000001,0.7964559999999992,162.16217,602.316589,NaN
1.516642000000001,1.5507820000000017,174.866098,359.073364,NaN
