start,end,fmin,fmax,category
0.6737390000000012,0.6874420000000008,214.983719,1612.377808,NaN
0.9101229999999987,0.9238259999999983,283.387634,1641.693726,NaN
1.0848419999999983,1.108823000000001,107.491859,302.93158,NaN
1.5524710000000006,1.567888,224.755707,2061.88916,NaN
