start,end,fmin,fmax,category
1.7418030000000009,1.7593899999999998,193.846146,1024.615356,NaN
1.8467090000000006,1.857880999999999,1510.948975,2277.372314,NaN
