start,end,fmin,fmax,category
1.6012699999999995,1.6186849999999993,155.844162,535.714294,s
1.7609069999999996,1.7783219999999993,185.064941,506.4935,s
1.9263489999999983,1.9437640000000016,136.363647,516.233765,s
