start,end,fmin,fmax,category
1.6523329999999987,1.6808680000000003,127.868851,550.819641,s
1.7839129999999983,1.8124479999999998,108.196724,462.295074,s
1.8504949999999987,1.8806159999999998,118.032784,491.803284,s
1.888542000000001,1.9139069999999982,137.70491,540.983582,s
