start,end,fmin,fmax,category
0.1335349999999984,0.15530899999999903,106.451614,2109.67749,NaN
0.18733100000000036,0.22063400000000044,96.774193,2187.096924,NaN
1.3734140000000004,1.3990310000000008,183.870972,1925.806396,NaN
1.659047000000001,1.6756990000000016,436.201782,845.697388,NaN
1.9664560000000009,1.9818260000000016,338.278931,801.18689,NaN
