start,end,fmin,fmax,category
0.5922729999999774,0.6129599999999868,142.372879,2257.627197,NaN
