start,end,fmin,fmax,category
0.9360389999999938,0.9604249999999865,220.077209,613.899597,NaN
1.6285889999999767,1.6562250000000063,185.328186,590.733582,NaN
