start,end,fmin,fmax,category
0.2909750000000031,0.36063500000000204,131.054138,1977.208008,NaN
0.36063500000000204,0.4390020000000163,170.94017,1960.114014,b
1.129795999999999,1.5825849999999946,108.262108,1977.208008,bc
1.5825849999999946,2.0643989999999803,102.564102,1988.604004,bc
