start,end,fmin,fmax,category
-0.4174150000000054,0.06439899999998033,102.564102,1988.604004,bc
1.083174999999983,1.1441270000000259,131.054138,945.868958,b
1.1615419999999972,1.1876639999999838,125.356125,826.210815,s
1.4982309999999757,1.9423130000000128,74.074074,1982.906006,bc
1.9423130000000128,1.9771430000000123,170.94017,638.176636,s
