start,end,fmin,fmax,category
0.19799699999998666,0.21550500000000739,881.305664,1851.63208,NaN
