start,end,fmin,fmax,category
0.015506000000016229,0.041516999999998916,208.494202,1158.301147,NaN
0.5519879999999944,0.5682449999999903,486.48645,486.48645,NaN
1.044575000000009,1.0624579999999924,173.745178,359.073364,NaN
1.3745930000000044,1.4054810000000089,162.16217,2027.0271,NaN
1.9939860000000067,2.01349399999998,243.243225,613.899597,NaN
