start,end,fmin,fmax,category
0.3681230000000255,0.3840359999999805,284.745758,1830.508423,NaN
1.3196990000000142,1.335612000000026,527.586243,548.275818,NaN
