start,end,fmin,fmax,category
0.5257139999999936,1.0046259999999734,102.564102,1988.604004,bc
1.0510659999999916,1.3732430000000022,148.148148,1971.509888,bc
1.4777320000000032,1.7795919999999796,103.896103,1961.03894,bc
1.9334240000000023,2.4384580000000255,102.564102,1977.208008,bc
