start,end,fmin,fmax,category
0.22035399999998617,0.2330840000000194,103.448273,1148.275879,NaN
0.47973000000001775,0.4924599999999941,362.06897,2255.172363,NaN
