start,end,fmin,fmax,category
1.658282999999983,1.67897499999998,836.795227,2198.812988,NaN
