start,end,fmin,fmax,category
-0.0060139999999933025,0.013493999999980133,243.243225,613.899597,NaN
0.2736070000000268,0.2947409999999877,208.494202,683.397644,NaN
0.30124399999999696,0.31750099999999293,393.822388,2038.610107,NaN
0.5613559999999893,0.5824900000000071,208.494202,532.818542,NaN
0.8458539999999743,0.8604849999999828,196.911194,382.23938,NaN
0.8929989999999748,0.9108820000000151,254.826263,2027.0271,NaN
0.9547759999999812,0.9775359999999864,196.911194,463.320435,NaN
1.3855869999999868,1.4050960000000146,231.660217,486.48645,NaN
