start,end,fmin,fmax,category
0.18830900000000383,0.20581700000002456,754.838684,2632.258057,NaN
