start,end,fmin,fmax,category
0.3669689999999832,0.3828809999999976,186.206894,2213.792969,NaN
0.9652839999999969,0.9796049999999923,693.103455,1065.517334,NaN
1.3153619999999933,1.3312740000000076,444.827606,1737.93103,NaN
