start,end,fmin,fmax,category
0.41790800000001127,0.4406680000000165,196.911194,486.48645,NaN
