start,end,fmin,fmax,category
-0.06657599999999775,0.43845800000002555,102.564102,1977.208008,bc
0.43845800000002555,0.5052150000000211,142.450134,723.646729,b
1.2917909999999893,1.3295239999999922,162.337662,772.727234,s
1.4746489999999994,1.5123810000000049,129.870132,688.311707,s
1.9187299999999823,2.127709999999979,113.960114,1965.812012,bc
