start,end,fmin,fmax,category
-0.08127000000001772,0.12770999999997912,113.960114,1965.812012,bc
0.5659860000000094,1.9620859999999993,1863.247925,1863.247925,bc
