start,end,fmin,fmax,category
0.8686779999999885,0.8845949999999903,1192.878296,2056.379639,NaN
