start,end,fmin,fmax,category
0.5329469999999787,0.5589590000000157,220.077209,880.308838,NaN
0.9653839999999718,0.9832670000000121,220.077209,2084.942139,NaN
1.7766100000000051,1.7977440000000229,277.992279,903.474915,NaN
