start,end,fmin,fmax,category
1.6954809999999725,1.7145810000000097,569.73291,2537.092041,NaN
