start,end,fmin,fmax,category
0.40616799999997966,1.009886999999992,110.38961,1889.610352,bc
1.7906580000000076,2.115737000000024,148.148148,1954.415894,bc
