start,end,fmin,fmax,category
1.4828810000000203,1.5035669999999755,186.206894,2275.862061,NaN
