start,end,fmin,fmax,category
0.14401900000001433,0.16352699999998777,208.494202,2131.27417,NaN
0.1960409999999797,0.21555000000000746,208.494202,1343.629395,NaN
0.378120000000024,0.3992539999999849,162.16217,637.065613,NaN
0.7617859999999723,0.7845459999999775,173.745178,833.976807,NaN
0.859328000000005,0.8804620000000227,208.494202,2096.525146,NaN
1.802234999999996,1.8282469999999762,150.579147,718.146729,NaN
