start,end,fmin,fmax,category
-0.20934199999999237,0.11573700000002418,148.148148,1954.415894,bc
0.11573700000002418,0.6730160000000183,125.356125,1943.02002,bc
1.0358279999999809,1.1403169999999818,170.94017,1709.401733,m
1.2012700000000223,1.9326980000000162,113.960114,1960.114014,bc
