start,end,fmin,fmax,category
0.031866999999977,0.04459700000001021,362.06897,2431.034424,NaN
