start,end,fmin,fmax,category
0.2102869999999939,0.2249180000000024,115.830109,521.235535,NaN
0.4427620000000161,0.45901900000001206,162.16217,428.571442,NaN
1.5905079999999998,1.613268000000005,196.911194,567.567566,NaN
