start,end,fmin,fmax,category
0.7935279999999807,0.8162879999999859,138.99614,625.482605,NaN
0.9284610000000271,0.9512209999999754,127.413132,613.899597,NaN
