start,end,fmin,fmax,category
0.43482999999997674,1.569704999999999,102.564102,1960.114014,bc
1.8338319999999726,2.968706999999995,96.866096,1977.208008,bc
