start,end,fmin,fmax,category
0.37124299999999266,0.3823810000000094,155.172424,2172.413818,NaN
0.5510550000000194,0.5637849999999958,113.793106,941.379272,NaN
