start,end,fmin,fmax,category
-0.1661680000000274,0.9687069999999949,96.866096,1977.208008,bc
1.253152,1.3053970000000277,102.564102,792.022766,s
1.4650340000000028,2.570883999999978,136.752136,1977.208008,bc
