start,end,fmin,fmax,category
1.028868999999986,1.0500030000000038,196.911194,544.40155,NaN
1.1670540000000074,1.1914390000000026,196.911194,1030.887939,NaN
1.466183000000001,1.4840659999999843,115.830109,555.984558,NaN
1.910000000000025,1.931133999999986,185.328186,544.40155,NaN
