start,end,fmin,fmax,category
0.5228900000000181,0.5423979999999915,220.077209,648.648682,NaN
0.6675769999999943,0.6870860000000221,220.077209,637.065613,NaN
1.0788800000000265,1.09676300000001,150.579147,567.567566,NaN
1.8559660000000235,1.8722230000000195,208.494202,2339.768311,NaN
1.9242449999999849,1.9437540000000126,185.328186,1992.277954,NaN
