start,end,fmin,fmax,category
-0.5349659999999972,0.5708839999999782,136.752136,1977.208008,bc
0.6695690000000241,0.8872559999999794,119.658119,1960.114014,bc
1.9524720000000002,3.0467120000000136,131.054138,1977.208008,bc
