start,end,fmin,fmax,category
-0.017051999999999623,0.009070000000001244,102.85714,760.0,s
0.6476189999999988,0.6766439999999996,388.571442,1731.428589,s
1.9421320000000009,1.9711560000000006,662.857117,1931.428589,s
