start,end,fmin,fmax,category
1.2106239999999993,1.2463900000000017,173.745178,509.652527,NaN
