start,end,fmin,fmax,category
0.617913999999999,0.6333300000000008,146.579803,781.758972,NaN
0.8354560000000006,0.850871999999999,136.807816,1973.941284,NaN
1.3972969999999982,1.4110000000000014,322.475586,1876.221436,NaN
1.6713650000000015,1.6953460000000007,136.807816,2482.084717,NaN
