start,end,fmin,fmax,category
0.3829090000000015,0.39569900000000047,849.230713,1910.769165,NaN
