start,end,fmin,fmax,category
1.2585939999999987,1.2731069999999995,253.24675,642.857178,s
1.2731069999999995,1.2934240000000017,301.948059,633.116882,s
1.2934240000000017,1.3108390000000014,360.389618,691.558411,s
1.8536050000000017,1.8710200000000015,155.844162,1519.480469,s
