start,end,fmin,fmax,category
-0.04752799999999979,1.0467120000000136,131.054138,1977.208008,bc
1.3427659999999833,2.4050790000000006,148.148148,1954.415894,bc
