start,end,fmin,fmax,category
0.29490600000002587,0.31766599999997425,185.328186,532.818542,NaN
0.4639789999999948,0.48511300000001256,231.660217,590.733582,NaN
1.1874159999999847,1.208551,196.911194,926.640869,NaN
