start,end,fmin,fmax,category
0.6215070000000082,0.6406029999999987,227.586212,2648.275879,NaN
