start,end,fmin,fmax,category
1.689565000000016,1.7070739999999773,587.537109,2537.092041,NaN
