start,end,fmin,fmax,category
-0.6572340000000167,0.40507900000000063,148.148148,1954.415894,bc
1.1481180000000109,1.1858500000000163,113.960114,1948.717896,s
1.2003629999999816,1.2293879999999717,131.054138,1908.831909,s
1.5544669999999883,2.074013999999977,119.658119,1977.208008,bc
