start,end,fmin,fmax,category
1.7873839999999745,1.8064840000000117,890.207764,2091.988281,NaN
