start,end,fmin,fmax,category
0.11406699999997727,0.14170400000000427,162.16217,416.988403,NaN
0.7675990000000183,0.7838560000000143,150.579147,706.563721,NaN
1.4780309999999872,1.497540000000015,196.911194,764.47876,NaN
1.557690999999977,1.5820759999999723,185.328186,567.567566,NaN
