start,end,fmin,fmax,category
0.05840699999998833,0.07628999999997177,220.077209,2467.181396,NaN
0.9964380000000119,1.0175719999999728,208.494202,776.061768,NaN
