start,end,fmin,fmax,category
-0.4455330000000117,0.07401399999997693,119.658119,1977.208008,bc
0.46294799999998304,1.0376420000000053,113.960114,1960.114014,bc
1.2466210000000046,1.2756459999999947,97.402596,97.402596,s
