start,end,fmin,fmax,category
0.03090900000000829,0.046826000000010026,409.495544,2154.302734,NaN
1.641678000000013,1.6575940000000173,810.088989,2732.937744,NaN
