start,end,fmin,fmax,category
0.11736999999999398,0.9678000000000111,131.054138,1965.812012,bc
1.5976420000000076,2.7383219999999824,96.866096,1948.717896,bc
