start,end,fmin,fmax,category
0.6714870000000133,0.6842199999999821,587.537109,2270.029785,NaN
