start,end,fmin,fmax,category
0.29498799999998937,0.31408800000002657,881.305664,2670.623047,NaN
0.3602470000000153,0.3777549999999792,880.645142,2158.064697,NaN
0.3857140000000072,0.40322200000002795,629.032227,2932.258057,NaN
