start,end,fmin,fmax,category
0.05113299999999299,0.06738999999998896,-1.0,1922.780029,NaN
0.06738999999998896,0.09177499999998417,138.99614,671.814697,NaN
0.39740699999998697,0.4169160000000147,185.328186,891.891907,NaN
