start,end,fmin,fmax,category
-0.40235799999999244,0.7383219999999824,96.866096,1948.717896,bc
1.3710659999999848,2.5204539999999724,149.350647,1948.05188,bc
