start,end,fmin,fmax,category
1.928432999999984,1.94306499999999,220.077209,521.235535,NaN
