start,end,fmin,fmax,category
-0.6289340000000152,0.5204539999999724,149.350647,1948.05188,bc
0.9239000000000033,2.502857000000006,74.074074,1977.208008,bc
