start,end,fmin,fmax,category
0.22268600000001015,0.2454450000000179,208.494202,764.47876,NaN
1.6793149999999741,1.6971980000000144,196.911194,590.733582,NaN
