start,end,fmin,fmax,category
-1.0760999999999967,0.5028570000000059,74.074074,1977.208008,bc
1.1559179999999856,1.1820410000000265,162.337662,662.337646,s
1.3097510000000057,1.3358729999999923,188.034195,592.59259,s
1.431654999999978,1.4548750000000155,113.960114,655.27063,s
1.5419499999999857,1.5680730000000267,142.450134,529.914551,s
1.5941950000000134,2.6826300000000174,108.262108,1925.926025,bc
