start,end,fmin,fmax,category
-0.40580499999998665,0.6826300000000174,108.262108,1925.926025,bc
0.7668029999999817,0.84226799999999,96.866096,1982.906006,b
0.84226799999999,0.8712929999999801,113.960114,849.002808,s
1.6259410000000116,3.056871000000001,125.356125,1965.812012,bc
