start,end,fmin,fmax,category
0.7567700000000173,0.7697759999999789,185.328186,544.40155,NaN
0.8120440000000144,0.8331779999999753,162.16217,637.065613,NaN
1.335519999999974,1.3566539999999918,196.911194,729.729736,NaN
