start,end,fmin,fmax,category
-0.3740589999999884,1.056871000000001,125.356125,1965.812012,bc
1.3616329999999834,1.3819500000000176,296.296295,769.230774,s
1.6286620000000198,1.65768700000001,136.363647,883.116882,s
1.8608619999999974,1.8927889999999934,136.752136,672.364624,s
1.9508389999999736,3.0973240000000146,131.054138,1880.341919,bc
