start,end,fmin,fmax,category
-0.049161000000026434,1.0973240000000146,131.054138,1880.341919,bc
1.5675279999999816,2.9026759999999854,193.732193,1925.926025,bc
