start,end,fmin,fmax,category
0.004535000000000622,0.04516999999999882,NaN,NaN,NaN
0.12934200000000118,0.17287999999999926,NaN,NaN,NaN
0.5313380000000016,0.56907,NaN,NaN,NaN
0.6285710000000009,0.6634010000000004,NaN,NaN,NaN
0.7112930000000013,0.7519269999999985,NaN,NaN,NaN
1.0320180000000008,1.0653970000000008,NaN,NaN,NaN
1.9941950000000013,2.0203169999999986,NaN,NaN,NaN
