start,end,fmin,fmax,category
-0.014230000000001297,0.008047999999998723,145.631058,854.368958,NaN
0.5458950000000016,0.5681730000000016,168.75,843.75,NaN
