start,end,fmin,fmax,category
1.5367460000000008,1.5555880000000002,127.035835,1543.973877,NaN
1.7268809999999988,1.7405839999999984,224.755707,1631.921753,NaN
1.9272929999999988,1.9512740000000015,127.035835,1104.234497,NaN
