start,end,fmin,fmax,category
0.7458859999999987,0.7666700000000013,230.769241,932.307678,NaN
1.7343009999999985,1.7470679999999987,810.218994,1883.21167,NaN
