start,end,fmin,fmax,category
0.666523999999999,0.6882979999999996,106.451614,1538.709595,NaN
1.394055999999999,1.4158310000000007,160.237396,2127.596436,NaN
1.5925909999999988,1.6143660000000004,270.967743,2690.32251,NaN
1.661757999999999,1.6784089999999985,174.193542,1974.193604,NaN
1.9525140000000007,2.0063109999999966,212.903229,2312.903076,NaN
