start,end,fmin,fmax,category
0.004535000000000622,0.04516999999999882,836.158203,903.954834,s
0.12934200000000118,0.17287999999999926,540.192932,565.916443,s
0.5313380000000016,0.56907,338.983063,384.180786,s
0.6285710000000009,0.6634010000000004,-1.0,205.787781,s
0.7112930000000013,0.7519269999999985,-1.0,231.511246,s
1.0320180000000008,1.0653970000000008,587.570618,632.768311,s
1.9941950000000013,2.0203169999999986,632.768311,745.762695,s
