start,end,fmin,fmax,category
-0.4324720000000184,0.9026759999999854,193.732193,1925.926025,bc
1.1755099999999743,1.2103399999999738,222.222229,746.438721,s
1.5354199999999878,1.5731519999999932,181.818192,980.51947,s
1.5905670000000214,1.6253970000000209,136.363647,1071.428589,s
1.8750109999999722,3.1637190000000146,113.960114,1897.435913,bc
