start,end,fmin,fmax,category
0.006550000000004275,0.022807000000000244,185.328186,1957.528931,NaN
0.03093499999999949,0.04881799999998293,173.745178,1899.613892,NaN
0.3089299999999753,0.33006399999999303,208.494202,2003.860962,NaN
0.7039760000000115,0.7202330000000075,243.243225,648.648682,NaN
1.435541999999998,1.4599279999999908,208.494202,393.822388,NaN
1.812704999999994,1.824085000000025,162.16217,509.652527,NaN
