start,end,fmin,fmax,category
0.8417749999999842,0.8645349999999894,185.328186,648.648682,NaN
1.0726250000000164,1.0970100000000116,173.745178,822.393799,NaN
1.1734180000000265,1.1880499999999756,196.911194,544.40155,NaN
1.3018490000000043,1.3246090000000095,173.745178,787.644775,NaN
