start,end,fmin,fmax,category
-0.12498900000002777,1.1637190000000146,113.960114,1897.435913,bc
1.3959179999999947,2.68462599999998,136.752136,1954.415894,bc
