start,end,fmin,fmax,category
-0.6040820000000053,0.6846259999999802,136.752136,1954.415894,bc
1.093878000000018,1.125805000000014,131.054138,1031.338989,s
1.9965530000000058,3.17206299999998,119.658119,1982.906006,bc
