start,end,fmin,fmax,category
-0.0034469999999942047,1.17206299999998,119.658119,1982.906006,bc
1.299773000000016,1.4739230000000134,102.564102,1943.02002,bc
1.935420000000022,2.0312020000000075,136.752136,1817.663818,m
