start,end,fmin,fmax,category
0.32689499999997906,0.3594100000000253,208.494202,498.069489,NaN
0.7642089999999939,0.7788409999999999,196.911194,613.899597,NaN
0.8308630000000221,0.8471200000000181,185.328186,683.397644,NaN
1.3982330000000047,1.41936800000002,289.575287,613.899597,NaN
