start,end,fmin,fmax,category
0.9421080000000188,0.9803079999999795,106.824928,391.691376,NaN
