start,end,fmin,fmax,category
-0.0645799999999781,0.0312020000000075,136.752136,1817.663818,m
0.1269839999999931,2.1993650000000002,142.450134,1920.227905,a
