start,end,fmin,fmax,category
1.8341689999999744,1.854861000000028,106.824928,400.593445,NaN
