start,end,fmin,fmax,category
-1.873016000000007,0.19936500000000024,142.450134,1920.227905,a
0.2922449999999799,0.33287999999998874,125.356125,1971.509888,s
0.47219999999998663,0.5331519999999728,119.658119,1965.812012,s
0.5882990000000063,0.6260320000000092,91.168091,336.182312,s
0.8204989999999839,0.8669390000000021,110.38961,454.545471,s
