start,end,fmin,fmax,category
1.8651380000000017,1.8953799999999887,106.824928,373.887238,NaN
