start,end,fmin,fmax,category
0.24321300000002566,0.25947000000002163,185.328186,544.40155,NaN
0.32774999999998045,0.35538600000000997,220.077209,648.648682,NaN
0.45455399999997326,0.4773139999999785,254.826263,602.316589,NaN
1.4868749999999977,1.5063840000000255,243.243225,868.72583,NaN
