start,end,fmin,fmax,category
-0.02739200000002029,0.004534999999975753,108.262108,843.304871,s
0.6546940000000063,0.7533789999999954,131.054138,877.49292,b
0.7678910000000201,0.7998190000000136,1384.615479,1931.623901,s
0.9101130000000239,0.9420410000000174,148.148148,797.720764,s
