start,end,fmin,fmax,category
0.867888999999991,0.8885809999999879,115.727005,400.593445,NaN
