start,end,fmin,fmax,category
0.10263099999997394,0.12539099999997916,185.328186,671.814697,NaN
0.24081599999999526,0.261950000000013,173.745178,694.980713,NaN
1.013023999999973,1.03903600000001,220.077209,718.146729,NaN
1.204857000000004,1.224365999999975,347.490356,718.146729,NaN
