start,end,fmin,fmax,category
0.4919729999999731,0.5209980000000201,113.960114,438.74646,s
0.6167800000000057,0.6574150000000145,113.960114,1754.98584,s
1.0260319999999865,1.0550569999999766,119.658119,626.78064,s
1.0550569999999766,1.0840820000000235,108.262108,1948.717896,s
1.1043990000000008,1.1363269999999943,85.470085,472.934479,s
1.4091609999999832,1.4439909999999827,131.054138,507.122528,s
1.8967799999999784,1.9316099999999778,108.262108,1965.812012,s
