start,end,fmin,fmax,category
1.0436990000000037,1.0643910000000005,96.774193,464.516144,NaN
1.0643910000000005,1.0898579999999924,115.727005,596.439148,NaN
1.1041829999999777,1.123283000000015,106.451614,435.483856,NaN
