start,end,fmin,fmax,category
0.1318820000000187,0.16671200000001818,273.504272,621.082581,s
0.2566889999999944,0.30603200000001607,239.316238,564.1026,s
1.6731070000000159,1.6992290000000025,136.752136,1982.906006,s
