start,end,fmin,fmax,category
0.04028100000000023,0.057788999999999646,124.629074,667.655762,NaN
1.023932000000002,1.0414400000000015,373.887238,2465.875488,NaN
1.0541729999999987,1.0684979999999982,311.572723,1771.513428,NaN
1.265864999999998,1.2785989999999998,658.064514,2235.483887,NaN
1.7051659999999984,1.724266,1032.640991,2323.442139,NaN
