start,end,fmin,fmax,category
0.13641700000000156,0.13641700000000156,822.857117,822.857117,NaN
0.8504310000000004,0.8765530000000012,360.0,1817.142822,s
