start,end,fmin,fmax,category
0.020995999999996684,0.043273999999996704,225.000015,703.125,NaN
0.05918599999999685,0.08146399999999687,194.174774,864.077637,NaN
0.3790300000000002,0.3949429999999978,178.125,853.125061,NaN
0.4267680000000027,0.4426810000000003,159.375,768.75,NaN
0.5922600000000031,0.6081720000000033,242.71843,1155.339844,NaN
