start,end,fmin,fmax,category
1.7138789999999986,1.7361470000000025,146.579803,2228.012939,NaN
1.8406360000000035,1.8560519999999983,97.719872,1680.781738,NaN
