start,end,fmin,fmax,category
1.3199010000000015,1.332690999999997,341.538452,950.769226,NaN
