start,end,fmin,fmax,category
0.503582999999999,0.5224490000000017,116.883118,662.337646,NaN
