start,end,fmin,fmax,category
1.4639460000000213,1.4958730000000173,119.658119,393.162415,s
1.8064400000000091,1.8267569999999864,398.860382,1971.509888,s
1.9254419999999755,1.9573700000000258,79.772079,404.55838,s
