start,end,fmin,fmax,category
1.7152459999999792,1.74230399999999,106.824928,338.278931,NaN
