start,end,fmin,fmax,category
0.02702900000002728,0.05024900000000798,262.108276,638.176636,s
0.15183700000000044,0.18666699999999992,301.994293,632.478638,s
0.2214969999999994,0.2592290000000048,131.054138,1982.906006,s
1.2083450000000084,1.243175000000008,188.034195,592.59259,s
1.530522000000019,1.565351000000021,170.94017,512.820557,s
