start,end,fmin,fmax,category
0.4379940000000033,0.4591280000000211,405.405396,648.648682,NaN
0.5924360000000206,0.6103180000000066,335.907349,683.397644,NaN
