start,end,fmin,fmax,category
0.6400049999999737,0.6734299999999962,124.629074,445.103882,NaN
