start,end,fmin,fmax,category
0.1644900000000007,0.18237299999998413,254.826263,752.895691,NaN
0.49613299999998617,0.5172680000000014,150.579147,509.652527,NaN
0.8537880000000087,0.8797989999999913,185.328186,567.567566,NaN
1.4845609999999851,1.502443000000028,127.413132,405.405396,NaN
