start,end,fmin,fmax,category
1.274216000000024,1.2980909999999994,169.139465,729.970337,NaN
