start,end,fmin,fmax,category
0.8569610000000125,0.8975960000000214,233.618225,1988.604004,s
1.9337869999999953,1.957006999999976,153.846161,763.532776,s
