start,end,fmin,fmax,category
0.2965990000000147,0.33433100000002014,102.564102,1247.863281,s
0.7493880000000104,0.7871200000000158,102.564102,358.974365,s
1.4837190000000078,1.5243540000000166,96.866096,1264.957275,s
