start,end,fmin,fmax,category
1.2397280000000137,1.2687530000000038,227.920227,1977.208008,s
1.8318370000000073,1.8608619999999974,210.826218,678.062683,s
1.8608619999999974,1.8811789999999746,188.034195,774.928772,s
