start,end,fmin,fmax,category
1.5260569999999802,1.5406889999999862,138.99614,613.899597,NaN
1.9731249999999818,1.9893829999999753,173.745178,590.733582,NaN
