start,end,fmin,fmax,category
0.113379000000009,0.14820900000000847,250.71225,672.364624,s
0.3310660000000212,0.36009100000001126,193.732193,609.686584,s
0.7838550000000168,0.8157820000000129,74.074074,1925.926025,s
0.9870290000000068,1.0247620000000097,131.054138,586.894592,s
1.08281199999999,1.1176419999999894,91.168091,472.934479,s
1.640090999999984,1.6836279999999988,102.564102,1988.604004,s
