start,end,fmin,fmax,category
0.19584700000001476,0.21698099999997567,208.494202,498.069489,NaN
0.43645099999997683,0.4575849999999946,173.745178,521.235535,NaN
0.7729709999999841,0.7941050000000018,150.579147,2235.52124,NaN
