start,end,fmin,fmax,category
0.008707000000015341,0.03482999999999947,85.470085,381.766388,s
0.46439900000001444,0.4934240000000045,182.336182,592.59259,s
0.6617689999999925,0.6936959999999885,194.805191,577.922119,s
0.8156010000000151,0.8533330000000205,136.363647,733.766235,s
1.0768249999999853,1.1145579999999882,153.846161,603.988586,s
1.1377780000000257,1.1784129999999777,125.356125,1561.25354,s
1.256779999999992,1.3032200000000103,119.658119,1943.02002,s
1.6224940000000174,1.654422000000011,155.844147,811.688293,s
