start,end,fmin,fmax,category
0.5092220000000225,0.5303559999999834,150.579147,694.980713,NaN
