start,end,fmin,fmax,category
0.8783419999999751,0.8958499999999958,97.922844,364.985168,NaN
0.9308669999999779,0.9563329999999723,106.451614,522.580627,NaN
0.9913500000000113,1.0168170000000032,96.774193,464.516144,NaN
