start,end,fmin,fmax,category
0.35664400000001706,0.37986399999999776,193.732193,792.022766,s
1.6250340000000278,1.6598640000000273,199.430191,752.13678,s
1.7063039999999887,1.7382309999999848,148.148148,541.310547,s
1.9036730000000261,1.9268930000000069,108.262108,660.968689,s
1.9501129999999876,1.9791379999999776,136.363647,798.701294,s
