start,end,fmin,fmax,category
1.112179000000026,1.147196000000008,97.922844,454.005951,NaN
