start,end,fmin,fmax,category
0.05460299999998597,0.09233599999998887,90.909096,1500.0,s
