start,end,fmin,fmax,category
1.3366260000000025,1.355725999999997,124.629074,1905.044556,NaN
