start,end,fmin,fmax,category
0.1797729999999973,0.2029929999999993,748.571472,1920.0,s
