start,end,fmin,fmax,category
0.8241749999999968,0.8550639999999987,173.745178,613.899597,NaN
