start,end,fmin,fmax,category
0.005076999999999998,0.02220599999999706,166.123779,351.791534,NaN
0.8427000000000007,0.8632550000000023,97.719872,244.299667,NaN
1.3086160000000007,1.3291710000000023,136.807816,859.934875,NaN
