start,end,fmin,fmax,category
0.2647720000000007,0.2839570000000009,156.92308,2723.076904,NaN
1.067352999999997,1.0833409999999972,1153.846191,1901.538452,NaN
