start,end,fmin,fmax,category
1.7746939999999967,1.7964630000000028,155.844162,1003.246765,s
