start,end,fmin,fmax,category
1.3939229999999725,1.420045000000016,205.128204,603.988586,s
