start,end,fmin,fmax,category
0.5779590000000212,0.6011790000000019,780.62677,1965.812012,s
1.0873470000000225,1.1163720000000126,262.108276,609.686584,s
1.3630840000000148,1.3819500000000176,632.478638,1726.495728,s
