start,end,fmin,fmax,category
0.3128859999999918,0.3383529999999837,106.824928,454.005951,NaN
