start,end,fmin,fmax,category
0.2873470000000111,0.3105669999999918,1094.01709,1937.321899,s
0.31782299999997576,0.34249399999998786,512.820557,1891.737915,s
1.2683900000000108,1.2872560000000135,256.410278,1965.812012,s
1.6994100000000003,1.722629999999981,1219.373169,1988.604004,s
1.8953290000000038,1.9287069999999744,723.646729,1794.871826,s
