start,end,fmin,fmax,category
0.7886570000000006,0.8109400000000164,115.727005,2100.890381,NaN
