start,end,fmin,fmax,category
0.5482089999999857,0.5772339999999758,769.230774,1954.415894,s
