start,end,fmin,fmax,category
0.011066000000027998,0.032833999999979824,170.94017,1965.812012,s
1.607438000000002,1.6306579999999826,170.94017,866.096863,s
