start,end,fmin,fmax,category
0.18213200000002416,0.203899999999976,233.618225,1880.341919,s
0.32290199999999913,0.3519269999999892,245.014252,1982.906006,s
0.6247619999999756,0.6494329999999877,-1.0,1982.906006,s
0.7205440000000181,0.7408619999999928,1327.635254,1903.133911,s
0.9643540000000144,0.9875739999999951,1293.447266,1772.079834,s
1.2705670000000282,1.2908840000000055,1333.333374,1920.227905,s
1.5724260000000072,1.5912930000000074,210.826218,1874.643921,s
