start,end,fmin,fmax,category
0.1547430000000034,0.17065999999999804,765.578613,2172.106934,NaN
0.2120430000000013,0.2263680000000008,863.501526,2091.988281,NaN
0.495359999999998,0.5112769999999998,870.967712,2390.32251,NaN
0.8312019999999976,0.8503019999999992,712.166199,2296.73584,NaN
