start,end,fmin,fmax,category
0.06204100000000068,0.08380999999999972,NaN,NaN,NaN
0.30439899999999653,0.32326499999999925,NaN,NaN,NaN
0.363900000000001,0.3914740000000023,NaN,NaN,NaN
0.6512469999999979,0.6889800000000008,NaN,NaN,NaN
0.6889800000000008,0.7238100000000003,NaN,NaN,NaN
0.7238100000000003,0.7586390000000023,NaN,NaN,NaN
0.7586390000000023,0.8036280000000033,NaN,NaN,NaN
1.472653000000001,1.5031290000000013,NaN,NaN,NaN
1.7629019999999969,1.7904759999999982,NaN,NaN,NaN
