start,end,fmin,fmax,category
0.8965079999999972,0.9226299999999981,228.571426,1960.0,s
1.1664400000000015,1.1954649999999987,377.142853,1902.857178,s
1.6511560000000003,1.6743760000000023,388.571442,1765.714233,s
1.8601359999999971,1.9007709999999989,1217.142822,1577.142822,s
