start,end,fmin,fmax,category
0.1637539999999973,0.1881399999999971,115.830109,706.563721,NaN
