start,end,fmin,fmax,category
1.636488,1.6519040000000018,205.211716,1749.185669,NaN
1.7409760000000034,1.7546800000000005,107.491859,1446.254028,NaN
1.9276860000000013,1.948241000000003,175.895767,449.511414,NaN
