start,end,fmin,fmax,category
0.3014969999999977,0.3261680000000027,146.103897,837.662354,s
1.154829999999997,1.1707940000000008,155.844162,720.779236,s
1.4712019999999981,1.4828120000000027,155.844162,1568.181763,s
