start,end,fmin,fmax,category
0.52393,0.5392999999999972,133.531158,845.697388,NaN
0.6097480000000033,0.6238370000000018,-1.0,387.096771,NaN
0.740395999999997,0.7647329999999997,124.629074,854.599426,NaN
0.8377419999999987,0.8505510000000029,409.495544,827.893127,NaN
1.4423109999999966,1.4615250000000017,464.516144,2874.193604,NaN
1.6882379999999984,1.715136000000001,232.258072,2874.193604,NaN
1.7932690000000022,1.816324999999999,164.516129,1954.838623,NaN
1.8329760000000022,1.8534700000000015,174.193542,1074.193481,NaN
