start,end,fmin,fmax,category
0.06204100000000068,0.08380999999999972,790.960449,836.158203,s
0.30439899999999653,0.32326499999999925,1039.548096,1084.745728,s
0.363900000000001,0.3914740000000023,949.152527,994.350281,s
0.6512469999999979,0.6889800000000008,361.581909,361.581909,s
0.6889800000000008,0.7238100000000003,1559.322021,1740.113037,s
0.7238100000000003,0.7586390000000023,1581.920898,1604.519775,s
0.7586390000000023,0.8036280000000033,1785.310791,1988.700562,s
1.472653000000001,1.5031290000000013,813.559265,858.75708,s
1.7629019999999969,1.7904759999999982,1084.745728,1152.542358,s
