start,end,fmin,fmax,category
0.1164630000000102,0.1396829999999909,723.646729,1977.208008,s
0.4604079999999726,0.4807260000000042,313.39032,1857.549927,s
0.6780949999999848,0.6969609999999875,438.74646,1914.529907,s
0.9494779999999992,0.9785029999999892,159.544159,723.646729,s
1.1816779999999767,1.2107030000000236,176.638168,1891.737915,s
