start,end,fmin,fmax,category
0.6793650000000184,0.7664399999999887,79.772079,1971.509888,b
1.8795460000000048,1.901315000000011,763.532776,1960.114014,s
