start,end,fmin,fmax,category
0.0493420000000242,0.06965999999999894,159.544159,1760.683716,s
0.6182309999999802,0.6399999999999864,205.128204,717.94873,s
1.8909750000000258,1.920000000000016,376.06839,1800.569824,s
