start,end,fmin,fmax,category
0.2828119999999785,0.30312900000001264,193.732193,1720.797729,s
0.6920630000000187,0.7152829999999994,119.658119,1789.173828,s
0.7689799999999991,0.809615000000008,91.168091,1982.906006,s
1.038911999999982,1.0766439999999875,102.564102,1988.604004,s
1.3494779999999764,1.3785030000000233,108.262108,1971.509888,s
1.4626759999999877,1.4946029999999837,91.168091,1965.812012,s
