start,end,fmin,fmax,category
0.23473899999999048,0.27537399999999934,188.034195,535.612549,s
0.31891200000001163,0.35374100000001363,136.752136,1960.114014,s
0.45242600000000266,0.49596400000001495,108.262108,461.538452,s
1.3754200000000196,1.4044440000000122,136.752136,1982.906006,s
