start,end,fmin,fmax,category
0.040091000000018084,0.07201800000001413,79.772079,1994.302002,s
0.4174150000000054,0.46385500000002367,108.262108,1891.737915,s
1.2446259999999825,1.282357999999988,148.148148,1977.208008,s
1.3287980000000061,1.3636280000000056,216.524216,1994.302002,s
1.468118000000004,1.4942399999999907,148.148148,1965.812012,s
1.6277549999999792,1.668389999999988,393.162415,1971.509888,s
