start,end,fmin,fmax,category
0.4056239999999889,0.44625899999999774,165.242172,575.498596,s
1.6972339999999804,1.7349659999999858,148.148148,1868.945801,s
