start,end,fmin,fmax,category
1.8367390000000228,1.8606139999999982,89.020775,409.495544,NaN
