start,end,fmin,fmax,category
0.44898000000000593,0.4751019999999926,131.054138,1971.509888,s
0.8669390000000021,0.8988659999999982,136.752136,1994.302002,s
1.996009000000015,2.0337410000000204,136.752136,1048.433105,s
