start,end,fmin,fmax,category
-0.003990999999984979,0.03374100000002045,136.752136,1048.433105,s
