start,end,fmin,fmax,category
0.32671199999998635,0.3615419999999858,102.564102,1242.165161,s
1.233741000000009,1.2511559999999804,598.290649,1903.133911,s
