start,end,fmin,fmax,category
0.7475710000000007,0.7666710000000023,151.335312,658.753723,NaN
