start,end,fmin,fmax,category
0.19682499999999692,0.22004499999999894,1354.285767,1777.142822,s
0.22004499999999894,0.24326500000000095,1291.428589,1571.428589,s
0.5393199999999965,0.5654419999999973,400.0,1828.571411,s
