start,end,fmin,fmax,category
0.2137650000000022,0.25440799999999797,196.911194,2397.68335,NaN
0.3243129999999965,0.37308399999999864,150.579147,706.563721,NaN
1.6931539999999998,1.7094120000000004,150.579147,544.40155,NaN
1.8167079999999984,1.8313389999999998,335.907349,2050.193115,NaN
