start,end,fmin,fmax,category
0.5276730000000001,0.5451770000000025,150.0,684.375,NaN
0.5372199999999978,0.5547240000000002,300.0,1350.0,NaN
0.8841159999999988,0.9016200000000012,300.0,1125.0,NaN
1.2914790000000025,1.3121659999999977,112.500008,815.625,NaN
1.6288270000000011,1.6495140000000035,271.844666,621.359253,NaN
1.6686089999999965,1.690885999999999,187.5,834.374939,NaN
1.7799970000000016,1.7990920000000017,159.375,515.625,NaN
