start,end,fmin,fmax,category
1.7896399999999986,1.8101950000000002,244.299667,1798.045654,NaN
