start,end,fmin,fmax,category
0.5950380000000024,0.607804999999999,481.751831,777.372314,NaN
0.7748940000000033,0.7876839999999987,249.230774,1938.461548,NaN
0.7876839999999987,0.8148630000000026,249.230774,2778.461426,NaN
