start,end,fmin,fmax,category
0.5233630000000034,0.5451380000000015,183.870972,783.870911,NaN
0.6616969999999966,0.6757869999999997,251.612915,1829.032349,NaN
1.2239980000000017,1.2483339999999998,204.747772,1816.023804,NaN
1.3905109999999965,1.413566000000003,193.548386,2003.22583,NaN
1.5198779999999985,1.5442150000000012,135.483871,2100.0,NaN
