start,end,fmin,fmax,category
-0.005640000000000089,0.01027699999999987,979.228455,979.228455,NaN
0.38272700000000004,0.40023600000000004,1201.780396,1255.192871,NaN
1.8518370000000002,1.872529,1584.569702,1593.471802,NaN
