start,end,fmin,fmax,category
0.09124700000000008,0.11446699999999987,NaN,NaN,NaN
0.2653970000000001,0.29732400000000014,NaN,NaN,NaN
