start,end,fmin,fmax,category
0.21024900000000013,0.2363719999999998,341.880341,888.888916,s
