start,end,fmin,fmax,category
1.604183,1.628568,324.324341,764.47876,NaN
