start,end,fmin,fmax,category
1.4657719999999999,1.4896410000000002,187.5,478.125,NaN
1.69014,1.710827,103.125,1003.125,NaN
