start,end,fmin,fmax,category
0.5368490000000001,0.557404,234.527679,635.179138,NaN
1.9620060000000001,1.9876999999999998,117.26384,2276.873047,NaN
