start,end,fmin,fmax,category
0.19190899999999989,0.2110949999999998,166.153839,969.230774,NaN
0.3278050000000001,0.3453909999999998,424.615356,867.692322,NaN
