start,end,fmin,fmax,category
0.1362359999999998,0.15510199999999985,360.389618,1188.311646,s
1.497506,1.517823,233.766235,1178.571411,s
1.8341949999999998,1.857415,233.766235,1977.272827,s
