start,end,fmin,fmax,category
0.10844500000000012,0.1433209999999998,137.70491,531.147522,s
0.27490099999999984,0.3050220000000001,127.868851,521.311462,s
1.156326,1.1785199999999998,167.21312,422.950836,s
1.2625410000000001,1.344976,108.196724,462.295074,s
