start,end,fmin,fmax,category
0.7855120000000002,0.803121,1005.934692,2875.371094,s
0.8623530000000001,0.8767610000000001,1412.903198,2941.935547,s
0.8967719999999999,0.9111799999999999,1388.723999,2581.602295,s
0.9792169999999998,0.9912230000000002,1451.612915,2748.387207,s
1.0448520000000001,1.060861,1316.129028,2748.387207,s
1.115291,1.130499,1412.903198,2767.741943,s
1.139304,1.155312,1383.870972,2680.64502,s
1.3378109999999999,1.3546200000000002,1548.961426,2528.189941,s
