start,end,fmin,fmax,category
0.9112230000000001,0.9256669999999998,330.097107,601.941772,s
1.3557700000000001,1.3686090000000002,339.805817,873.786438,s
