start,end,fmin,fmax,category
0.639564,0.653953,241.071426,553.571411,s
0.69712,0.7131069999999999,196.428589,580.357178,s
0.7658670000000001,0.7802560000000001,303.571442,508.928558,s
1.2886630000000001,1.30625,142.857147,500.0,s
1.9185780000000001,1.937763,116.071434,642.857178,s
