start,end,fmin,fmax,category
0.09124700000000008,0.11446699999999987,795.45459,840.909058,s
0.2653970000000001,0.29732400000000014,795.45459,795.45459,s
