start,end,fmin,fmax,category
0.4722930000000001,0.4913470000000002,1276.595825,1568.389038,s
0.4913470000000002,0.5072260000000002,1267.477295,1650.456055,s
0.7962159999999998,0.8105069999999999,1377.358521,2122.641602,s
1.388487,1.4011900000000002,182.370819,465.045593,s
1.409129,1.425007,200.60791,747.720337,s
1.5440969999999998,1.5583870000000002,1103.343506,2060.790283,s
1.831499,1.845789,556.231018,975.683899,s
1.9140670000000002,1.933122,235.84906,471.69812,s
