start,end,fmin,fmax,category
0.13973499999999994,0.15564400000000012,155.487808,685.975647,s
0.4038210000000002,0.42132099999999983,1353.658447,2524.390137,s
0.4738199999999999,0.4897290000000001,475.609741,658.53656,s
0.6488170000000002,0.6663169999999998,1116.719238,2479.495361,s
1.6478899999999999,1.706753,91.463417,347.560974,s
1.754479,1.7751610000000002,179.810715,340.694,s
1.8467509999999998,1.884932,113.564674,264.984222,s
1.9549310000000002,1.975612,151.419556,340.694,s
