start,end,fmin,fmax,category
1.806621000000007,1.8559639999999717,74.074074,689.458679,s
