start,end,fmin,fmax,category
0.21859399999999596,0.24761899999998604,79.772079,1800.569824,s
