start,end,fmin,fmax,category
0.729251999999974,0.7553740000000175,108.262108,569.800537,s
1.327165999999977,1.3561900000000264,324.786346,592.59259,s
1.3561900000000264,1.38811800000002,227.920227,592.59259,s
1.420045000000016,1.457778000000019,125.356125,643.874634,s
1.8496149999999716,1.887346999999977,176.638168,586.894592,s
