start,end,fmin,fmax,category
0.22403600000001234,0.2530610000000024,108.262108,1698.005615,s
1.570793999999978,1.5911110000000122,507.122528,1931.623901,s
1.6099770000000149,1.6346490000000244,216.524216,877.49292,s
