start,end,fmin,fmax,category
0.22240399999998317,0.24707499999999527,102.564102,1829.059814,s
