start,end,fmin,fmax,category
0.4007260000000201,0.4210429999999974,113.960114,1811.96582,s
0.743220000000008,0.7809520000000134,188.034195,1925.926025,s
