start,end,fmin,fmax,category
0.5688890000000129,0.6095240000000217,210.826218,826.210815,s
