start,end,fmin,fmax,category
1.3030390000000125,1.332063000000005,113.960114,1834.757813,s
