start,end,fmin,fmax,category
0.5461560000000034,0.565255999999998,658.753723,2323.442139,NaN
