start,end,fmin,fmax,category
0.020277999999997576,0.03937299999999766,196.874985,825.0,NaN
0.4133199999999988,0.4324149999999989,215.625,843.75,NaN
