start,end,fmin,fmax,category
1.8451549999999983,1.8657109999999975,175.895767,859.934875,NaN
