start,end,fmin,fmax,category
0.3853059999999999,0.3998190000000008,321.428589,886.363586,s
0.5420409999999976,0.5609070000000003,457.792206,915.584412,s
1.8017230000000026,1.8205900000000028,155.844162,1811.688232,s
