start,end,fmin,fmax,category
0.4495239999999967,0.47564599999998336,68.376068,1777.777832,s
0.5830389999999852,0.6120629999999778,182.336182,1840.455933,s
0.6236729999999966,0.6439910000000282,125.356125,1811.96582,s
1.4770070000000146,1.5176420000000235,125.356125,1783.475708,s
