start,end,fmin,fmax,category
0.32743799999997236,0.3506580000000099,113.960114,1846.153809,s
0.4406349999999861,0.4580500000000143,74.074074,1823.361816,s
0.4580500000000143,0.48707500000000437,125.356125,541.310547,s
0.5102949999999851,0.5393199999999752,108.262108,843.304871,s
1.2214060000000018,1.2446259999999825,119.658119,826.210815,s
