start,end,fmin,fmax,category
0.26920599999999695,0.2851699999999937,558.404541,1834.757813,s
0.7858499999999822,0.8090700000000197,125.356125,1982.906006,s
0.9179139999999961,0.9396830000000023,1373.21936,1829.059814,s
