start,end,fmin,fmax,category
0.23129299999999375,0.2632199999999898,176.638168,911.680908,s
0.9917459999999778,1.0178680000000213,113.960114,632.478638,s
1.9118369999999913,1.9553740000000062,119.658119,1139.601074,s
