start,end,fmin,fmax,category
1.0060770000000048,1.0292969999999855,159.544159,1965.812012,s
1.0438100000000077,1.067028999999991,415.954407,1965.812012,s
1.249887000000001,1.2876190000000065,102.564102,1891.737915,s
1.8303849999999784,1.879728,91.168091,1703.703735,s
1.9348749999999768,1.9624489999999923,165.242172,1732.193726,s
