start,end,fmin,fmax,category
0.3978230000000167,0.42249399999997195,341.880341,1868.945801,s
1.0929709999999773,1.1161900000000173,131.054138,660.968689,s
1.4557819999999992,1.4819049999999834,142.450134,598.290649,s
1.5834919999999784,1.6125170000000253,142.450134,490.028503,s
1.6125170000000253,1.638639000000012,136.752136,672.364624,s
1.7489340000000198,1.8011789999999905,148.148148,603.988586,s
1.8592290000000276,1.8969609999999761,97.402596,733.766235,s
