start,end,fmin,fmax,category
1.4294780000000173,1.4556010000000015,131.054138,1971.509888,s
