start,end,fmin,fmax,category
0.20158300000002782,0.23500799999999344,106.824928,640.949585,NaN
0.6695330000000013,0.6934079999999767,89.020775,302.670624,NaN
