start,end,fmin,fmax,category
0.6463850000000093,0.7180099999999925,106.824928,623.145447,NaN
