start,end,fmin,fmax,category
0.07092999999997573,0.1115649999999846,85.470085,831.908813,s
0.5904760000000238,0.6107939999999985,1293.447266,1737.891846,s
0.6398189999999886,0.6746489999999881,1179.487183,1783.475708,s
0.7210880000000088,0.7501129999999989,1310.54126,1943.02002,s
0.8023580000000265,0.8313830000000166,1350.427368,1914.529907,s
0.9678000000000111,0.9939229999999952,85.470085,1982.906006,s
