start,end,fmin,fmax,category
0.8919730000000072,0.9151929999999879,119.658119,1789.173828,s
1.0632200000000012,1.0922449999999913,803.418823,1977.208008,s
1.1241719999999873,1.1590019999999868,695.156677,1948.717896,s
1.6234010000000012,1.6669390000000135,222.222229,547.008545,s
1.6785489999999754,1.7278909999999996,119.658119,700.854736,s
