start,end,fmin,fmax,category
1.4155099999999976,1.4358280000000008,165.714279,948.571472,s
