start,end,fmin,fmax,category
0.5641450000000034,0.591782000000002,138.99614,555.984558,NaN
1.0632360000000034,1.0843699999999998,115.830109,474.903473,NaN
1.5200579999999988,1.5363150000000019,208.494202,2131.27417,NaN
1.6745000000000019,1.6956339999999983,150.579147,555.984558,NaN
1.8842160000000021,1.9069760000000002,127.413132,451.737457,NaN
