start,end,fmin,fmax,category
0.6022699999999972,0.6193999999999988,136.807816,2110.749268,NaN
1.5169750000000022,1.5306780000000018,293.159607,1671.009766,NaN
