start,end,fmin,fmax,category
1.005231000000002,1.0196200000000033,230.769241,2704.615479,NaN
1.097959000000003,1.1107489999999984,200.636948,1796.178223,NaN
1.8726509999999976,2.1758700000000033,262.773712,405.109497,NaN
