start,end,fmin,fmax,category
0.100679999999997,0.11954599999999971,185.064941,652.597412,s
