start,end,fmin,fmax,category
-0.0016439999999988686,0.018850000000000477,169.139465,1646.884155,NaN
0.039343999999999824,0.061118999999997925,135.483871,1722.580566,NaN
0.934669999999997,0.9538829999999976,249.258148,2100.890381,NaN
