start,end,fmin,fmax,category
1.6029019999999718,1.6406349999999748,108.262108,1846.153809,s
