start,end,fmin,fmax,category
0.15147400000000744,0.18340100000000348,159.544159,1925.926025,s
0.7609979999999723,0.7842180000000099,1344.729248,1971.509888,s
1.0106119999999805,1.0483449999999834,113.960114,1874.643921,s
1.3327889999999911,1.3676189999999906,188.034195,1994.302002,s
1.5127439999999979,1.541768999999988,142.450134,1954.415894,s
1.73043100000001,1.7536509999999907,165.242172,1709.401733,s
