start,end,fmin,fmax,category
0.49378699999999753,0.528616999999997,199.430191,643.874634,s
0.8043539999999894,0.8362809999999854,96.866096,586.894592,s
