start,end,fmin,fmax,category
0.0013460000000122818,0.03158799999999928,133.531158,454.005951,NaN
0.42791299999998955,0.45815499999997655,96.774193,696.77417,NaN
