start,end,fmin,fmax,category
0.8244900000000257,0.8506120000000124,136.752136,1880.341919,s
1.3962809999999877,1.4311109999999871,119.658119,1760.683716,s
1.4920629999999733,1.5326979999999821,170.94017,1943.02002,s
1.8171429999999873,1.8490699999999833,125.356125,1903.133911,s
