start,end,fmin,fmax,category
0.5950109999999995,0.629840999999999,188.034195,928.774963,s
0.6762810000000172,0.7053060000000073,153.846161,1965.812012,s
1.4425400000000081,1.4744670000000042,96.866096,712.250732,s
