start,end,fmin,fmax,category
0.11262499999997999,0.3911669999999958,97.922844,2127.596436,NaN
0.3991250000000264,0.43891700000000355,97.922844,2074.184082,NaN
0.44846699999999373,0.49621700000000146,89.020775,2029.673462,NaN
0.5073590000000081,0.5519249999999829,115.727005,2002.967285,NaN
0.5694340000000011,0.6426500000000033,133.531158,2029.673462,NaN
