start,end,fmin,fmax,category
1.7500229999999988,1.7761449999999854,142.450134,1749.28772,s
