start,end,fmin,fmax,category
0.09251699999998664,0.13895700000000488,165.242172,1965.812012,s
0.17378700000000435,0.20281199999999444,1310.54126,1669.515747,s
0.2144220000000132,0.24054399999999987,1367.521362,1789.173828,s
0.5453059999999823,0.594649000000004,125.356125,1903.133911,s
0.7600909999999885,0.794920999999988,165.242172,1749.28772,s
0.986485000000016,1.0329249999999774,113.960114,1794.871826,s
