start,end,fmin,fmax,category
1.738049999999987,1.7641719999999737,108.262108,455.840454,s
