start,end,fmin,fmax,category
1.26803799999999,1.2919130000000223,133.531158,560.830872,NaN
