start,end,fmin,fmax,category
0.797631000000024,0.8310559999999896,106.824928,543.026733,NaN
1.9643239999999764,1.9881990000000087,97.922844,391.691376,NaN
