start,end,fmin,fmax,category
0.4636729999999716,0.48979600000001255,108.262108,1709.401733,s
0.8642179999999939,0.8874379999999746,96.866096,1783.475708,s
