start,end,fmin,fmax,category
1.993107000000009,2.0163269999999898,102.564102,1760.683716,s
