start,end,fmin,fmax,category
1.7970690000000005,1.8098019999999977,614.243347,2305.637939,NaN
