start,end,fmin,fmax,category
0.6635830000000027,0.6897049999999965,274.285706,954.285767,s
