start,end,fmin,fmax,category
0.9701850000000007,0.9880679999999984,150.579147,2061.775879,NaN
