start,end,fmin,fmax,category
1.3737899999999996,1.3909200000000013,117.26384,1964.169312,NaN
