start,end,fmin,fmax,category
-0.12734900000000238,0.1758700000000033,262.773712,405.109497,NaN
0.4583429999999993,0.46951399999999666,262.773712,383.21167,NaN
0.5413289999999975,0.5652680000000032,262.773712,383.21167,NaN
