start,end,fmin,fmax,category
0.04680299999999704,0.06276600000000343,204.545456,399.350647,NaN
0.06276600000000343,0.08888900000000177,107.14286,438.311676,s
0.12952400000000353,0.15129300000000256,126.623375,477.272705,s
0.2935149999999993,0.32544200000000245,116.883118,935.064941,s
1.0292969999999997,1.0525170000000017,272.727295,1168.831177,s
1.8695689999999985,1.8898870000000016,165.584412,2279.220703,s
