start,end,fmin,fmax,category
0.6868970000000019,0.7061100000000025,302.670624,756.676575,NaN
0.814982999999998,0.8303539999999998,358.064514,880.645142,NaN
0.8700609999999998,0.8905549999999991,348.387085,996.774231,NaN
1.0083940000000027,1.0301690000000008,125.806458,929.032288,NaN
