start,end,fmin,fmax,category
-0.006892999999990934,0.016326999999989766,102.564102,1760.683716,s
0.3094780000000128,0.3326979999999935,113.960114,1931.623901,s
