start,end,fmin,fmax,category
0.40753499999999576,0.4409600000000182,106.824928,551.928772,NaN
