start,end,fmin,fmax,category
1.8737409999999954,1.8969609999999761,142.450134,1931.623901,s
