start,end,fmin,fmax,category
1.950587999999982,1.9728719999999953,115.727005,489.614227,NaN
