start,end,fmin,fmax,category
0.17560099999997192,0.20462600000001885,102.564102,1971.509888,s
