start,end,fmin,fmax,category
0.047709999999995034,0.07963699999999108,79.772079,1094.01709,s
