start,end,fmin,fmax,category
0.1331519999999955,0.16072600000001103,-1.0,1641.025635,s
0.5003169999999955,0.5351469999999949,85.470085,1925.926025,s
0.6976869999999735,0.7267120000000205,102.564102,1908.831909,s
0.8486169999999902,0.8747389999999768,125.356125,1715.099731,s
1.0111560000000281,1.0372790000000123,136.752136,529.914551,s
1.0372790000000123,1.0546939999999836,199.430191,1766.381714,s
1.7977319999999963,1.8238549999999805,102.564102,564.1026,s
