start,end,fmin,fmax,category
0.047347000000002026,0.08798200000001088,119.658119,615.384644,s
