start,end,fmin,fmax,category
0.1748749999999859,0.20680299999997942,102.564102,1686.609741,s
0.3925619999999981,0.430295000000001,125.356125,1988.604004,s
