start,end,fmin,fmax,category
0.00634900000000016,0.04408200000000306,170.94017,615.384644,s
1.460499000000027,1.4866210000000137,108.262108,1988.604004,s
