start,end,fmin,fmax,category
0.2359480000000076,0.2614149999999995,169.139465,578.63501,NaN
0.46037300000000414,0.4937980000000266,124.629074,578.63501,NaN
