start,end,fmin,fmax,category
0.5141039999999748,0.5460320000000252,96.866096,1703.703735,s
1.129433000000006,1.151202000000012,108.262108,1737.891846,s
