start,end,fmin,fmax,category
1.5880010000000198,1.6166509999999903,115.727005,507.418365,NaN
