start,end,fmin,fmax,category
1.074103999999977,1.114738999999986,136.752136,1105.413086,s
1.1263490000000047,1.1582769999999982,62.678062,1002.848999,s
1.2366440000000125,1.2801810000000273,108.262108,1059.829102,s
1.573332999999991,1.6052609999999845,165.242172,529.914551,s
1.7881179999999972,1.8142399999999839,91.168091,723.646729,s
