start,end,fmin,fmax,category
0.3472269999999753,0.3886100000000283,124.629074,1397.626099,NaN
1.4502529999999751,1.4789030000000025,97.922844,516.320496,NaN
