start,end,fmin,fmax,category
0.548335999999999,0.5674360000000007,632.047485,2385.756592,NaN
