start,end,fmin,fmax,category
0.9130159999999989,0.9391379999999998,62.857143,1005.714294,s
1.061042999999998,1.0813610000000011,114.285713,891.428589,s
