start,end,fmin,fmax,category
1.0527099999999976,1.0705930000000023,220.077209,521.235535,NaN
1.6347120000000004,1.6525940000000006,173.745178,2131.27417,NaN
1.810288,1.826545000000003,173.745178,2189.189209,NaN
