start,end,fmin,fmax,category
0.15778099999999995,0.16891999999999996,393.749969,853.125061,NaN
0.18005899999999997,0.19915400000000005,349.514557,679.611633,NaN
0.21665800000000246,0.2373449999999977,165.048553,893.203857,NaN
0.2675789999999978,0.28190000000000026,213.592239,825.242737,NaN
0.47921699999999845,0.5030860000000033,174.757278,932.038818,NaN
