start,end,fmin,fmax,category
0.8366320000000016,0.8520480000000035,127.035835,2638.436523,NaN
1.0781550000000024,1.0952839999999995,117.26384,342.019531,NaN
1.1363950000000003,1.1552369999999996,146.579803,293.159607,NaN
