start,end,fmin,fmax,category
0.5992590000000035,0.6152459999999991,249.230774,1024.615356,NaN
0.6408270000000016,0.6552160000000029,315.286621,955.414001,NaN
0.9622969999999995,0.9750640000000033,1828.467041,2222.627686,NaN
