start,end,fmin,fmax,category
0.011313000000001239,0.03052600000000183,124.629074,1477.744873,NaN
0.4788300000000021,0.49932400000000143,142.433228,1905.044556,NaN
1.5995890000000017,1.6175210000000035,222.551941,801.18689,NaN
1.7865949999999984,1.805807999999999,270.967743,938.709656,NaN
