start,end,fmin,fmax,category
0.026121999999986656,0.05224500000002763,199.430191,746.438721,s
0.08997699999997621,0.11900200000002314,239.316238,649.572693,s
0.2873470000000111,0.3163720000000012,233.618225,649.572693,s
0.4702040000000238,0.5050340000000233,148.148148,706.552673,s
0.8039909999999963,0.8330159999999864,142.450134,735.042725,s
1.1406799999999748,1.1726080000000252,193.732193,769.230774,s
1.6747389999999882,1.7124719999999911,79.772079,1692.307739,s
