start,end,fmin,fmax,category
0.02594099999998889,0.06367299999999432,96.866096,1811.96582,s
1.2304760000000101,1.2595010000000002,74.074074,723.646729,s
1.2595010000000002,1.297234000000003,273.504272,1880.341919,s
1.6861680000000092,1.7151929999999993,131.054138,1829.059814,s
