start,end,fmin,fmax,category
0.019954999999981737,0.05478499999998121,62.678062,797.720764,s
0.9081180000000018,0.9429480000000012,216.524216,769.230774,s
0.986485000000016,1.0213150000000155,165.242172,803.418823,s
1.0213150000000155,1.085170000000005,188.034195,797.720764,m
1.1519270000000006,1.2215869999999995,205.128204,763.532776,m
1.387028999999984,1.4218589999999836,113.960114,660.968689,s
1.7672559999999748,1.8049889999999778,131.054138,729.344727,s
1.9791379999999776,2.0168709999999805,91.168091,803.418823,s
