start,end,fmin,fmax,category
0.6677419999999756,0.6932080000000269,89.020775,382.789307,NaN
1.8535340000000247,1.8742260000000215,97.922844,400.593445,NaN
