start,end,fmin,fmax,category
-0.020862000000022363,0.01687099999998054,91.168091,803.418823,s
0.1068480000000136,0.15618999999998096,131.054138,757.834717,s
0.5190020000000004,0.5596370000000093,205.128204,678.062683,s
0.5857599999999934,0.6263950000000023,102.564102,917.378906,s
1.0066209999999955,1.0472560000000044,91.168091,672.364624,s
1.3462129999999775,1.381042999999977,85.470085,1920.227905,s
1.381042999999977,1.4158729999999764,85.470085,615.384644,s
1.4477999999999724,1.482629999999972,85.470085,746.438721,s
1.482629999999972,1.5174600000000282,85.470085,729.344727,s
