start,end,fmin,fmax,category
0.735319000000004,0.7560100000000034,97.922844,320.474792,NaN
1.5804939999999874,1.6011859999999842,845.697388,2029.673462,NaN
1.8399360000000229,1.8606280000000197,1141.935425,2690.32251,NaN
