start,end,fmin,fmax,category
0.7233120000000213,0.7440040000000181,810.088989,2225.519287,NaN
