start,end,fmin,fmax,category
0.1353290000000129,0.160000000000025,113.960114,723.646729,s
0.2848070000000007,0.3080269999999814,91.168091,780.62677,s
0.5503850000000057,0.5794099999999958,110.38961,1259.740234,s
0.6780949999999848,0.7100229999999783,91.168091,1800.569824,s
0.8711109999999849,0.9102950000000192,102.564102,911.680908,s
1.059773000000007,1.0829929999999877,96.866096,849.002808,s
1.315193000000022,1.354376000000002,102.564102,883.190857,s
1.792652999999973,1.8158730000000105,125.356125,712.250732,s
