start,end,fmin,fmax,category
0.4515190000000189,0.5240820000000213,91.168091,951.566956,m
0.9347849999999767,1.013151999999991,131.054138,672.364624,m
1.08281199999999,1.107483000000002,108.262108,917.378906,s
1.107483000000002,1.132154000000014,125.356125,905.98291,s
1.3295239999999922,1.3570980000000077,108.262108,1002.848999,s
1.7532879999999977,1.7808620000000133,113.960114,797.720764,s
1.8563270000000216,1.8853510000000142,91.168091,752.13678,s
