start,end,fmin,fmax,category
0.34249399999998786,0.37732399999998734,119.658119,860.398865,s
0.5268029999999726,0.5572789999999941,71.428574,798.701294,s
0.6356460000000084,0.6603170000000205,85.470085,1737.891846,s
0.8736509999999953,0.8939679999999726,113.960114,1863.247925,s
0.8939679999999726,0.9215419999999881,108.262108,700.854736,s
