start,end,fmin,fmax,category
0.40761900000001106,0.4279369999999858,700.854736,1863.247925,s
0.7501129999999989,0.776235999999983,723.646729,1851.851807,s
1.1564629999999738,1.181133999999986,336.182312,1760.683716,s
1.2870750000000157,1.3117460000000278,62.678062,1646.723633,s
