start,end,fmin,fmax,category
1.0102640000000065,1.0261800000000108,1121.661743,2572.700439,NaN
1.0802969999999732,1.102579999999989,938.709656,2806.45166,NaN
