start,end,fmin,fmax,category
0.33701500000000095,0.41504900000000333,162.16217,891.891907,NaN
0.4296799999999976,0.4426860000000019,162.16217,683.397644,NaN
0.4556910000000016,0.4800770000000014,115.830109,706.563721,NaN
1.7123599999999968,1.730241999999997,185.328186,637.065613,NaN
1.7432480000000012,1.7643819999999977,196.911194,579.150574,NaN
