start,end,fmin,fmax,category
0.2446600000000032,0.27035399999999754,107.491859,283.387634,NaN
1.6406980000000004,1.6629659999999973,117.26384,410.423431,NaN
