start,end,fmin,fmax,category
0.38188399999999945,0.3978710000000021,166.153839,387.692291,NaN
