start,end,fmin,fmax,category
0.4910720000000026,0.5128470000000007,267.062317,1878.338257,NaN
0.646056999999999,0.6678319999999971,261.290314,1200.0,NaN
1.1904260000000022,1.213481999999999,212.903229,1054.838745,NaN
1.2595930000000024,1.2775249999999971,364.985168,988.130554,NaN
1.4824640000000002,1.492711,275.964386,1379.821899,NaN
1.5375409999999974,1.556753999999998,232.258072,2070.967773,NaN
1.8641620000000003,1.883375000000001,270.967743,2429.032227,NaN
1.8974649999999968,1.9115540000000024,164.516129,1906.451538,NaN
1.9166779999999974,1.9422950000000014,290.322571,1983.871094,NaN
