start,end,fmin,fmax,category
0.6672110000000089,0.7020410000000084,91.168091,746.438721,s
0.9516550000000166,0.9821319999999787,136.752136,1065.5271,s
1.318821000000014,1.3463949999999727,108.262108,1783.475708,s
