start,end,fmin,fmax,category
0.9180949999999939,0.939864,621.082581,1806.267822,s
