start,end,fmin,fmax,category
0.7697840000000156,0.7968420000000265,151.335312,783.382751,NaN
0.8302669999999921,0.8573260000000005,106.451614,919.354858,NaN
1.1995340000000283,1.2234090000000037,125.806458,570.967712,NaN
1.5799430000000143,1.6117760000000203,106.824928,569.73291,NaN
