start,end,fmin,fmax,category
0.20244900000000143,0.22566899999998213,74.074074,849.002808,s
0.954195000000027,0.9832200000000171,85.470085,1715.099731,s
1.187845999999979,1.2154199999999946,85.470085,1789.173828,s
