start,end,fmin,fmax,category
0.6893360000000257,0.7084360000000061,258.160248,1905.044556,NaN
0.7084360000000061,0.7275359999999864,293.768555,1905.044556,NaN
1.3355530000000044,1.3562450000000013,133.531158,640.949585,NaN
1.5345120000000065,1.5679369999999722,124.629074,747.774475,NaN
