start,end,fmin,fmax,category
1.1165530000000103,1.139772999999991,603.988586,1817.663818,s
1.202177000000006,1.2297510000000216,91.168091,1213.675293,s
1.6056239999999775,1.628844000000015,85.470085,1709.401733,s
