start,end,fmin,fmax,category
0.5666400000000067,0.6000649999999723,89.020775,543.026733,NaN
