start,end,fmin,fmax,category
0.2064399999999864,0.2354649999999765,108.262108,1675.213745,s
0.8943310000000224,0.9248069999999871,85.470085,1133.903198,s
0.9248069999999871,0.950930000000028,478.632477,1982.906006,s
1.1947390000000269,1.2252149999999915,85.470085,1789.173828,s
1.4806350000000066,1.5053060000000187,621.082581,1863.247925,s
