start,end,fmin,fmax,category
0.16852599999998574,0.19464900000002672,96.866096,1361.823364,s
1.5718820000000164,1.5980050000000006,102.564102,1732.193726,s
