start,end,fmin,fmax,category
0.7938319999999521,0.8214060000000245,136.752136,1943.02002,s
0.9389569999999594,0.9607260000000224,227.920227,1931.623901,s
1.0187760000000026,1.0448979999999892,102.564102,1817.663818,s
