start,end,fmin,fmax,category
1.155010999999945,1.1883900000000267,113.960114,1943.02002,s
1.4104310000000169,1.4365530000000035,79.772079,1783.475708,s
1.6832650000000058,1.7108389999999645,102.564102,1777.777832,s
