start,end,fmin,fmax,category
0.8486169999999902,0.8776420000000371,102.564102,1811.96582,s
0.9052149999999983,0.932788999999957,564.1026,1931.623901,s
1.0184130000000096,1.0517909999999802,56.980057,1840.455933,s
