start,end,fmin,fmax,category
0.56689300000005,0.5973699999999553,216.524216,1994.302002,s
1.1343309999999747,1.17206299999998,74.074074,723.646729,s
1.758367000000021,1.7902950000000146,108.262108,860.398865,s
