start,end,fmin,fmax,category
1.4074920000000475,1.4377329999999802,106.824928,818.991089,NaN
