start,end,fmin,fmax,category
0.2887569999999968,0.3030820000000034,792.284851,1735.905151,NaN
0.7646659999999983,0.7821739999999977,925.81604,1753.709229,NaN
