start,end,fmin,fmax,category
0.05061200000000099,0.07238100000000003,NaN,NaN,NaN
0.6412699999999987,0.6630389999999977,NaN,NaN,NaN
0.7167349999999999,0.7573700000000017,NaN,NaN,NaN
1.1535599999999988,1.2043540000000021,NaN,NaN,NaN
1.2377320000000012,1.2914290000000008,NaN,NaN,NaN
