start,end,fmin,fmax,category
1.8745440000000002,1.908684000000001,173.745178,671.814697,NaN
