start,end,fmin,fmax,category
0.23619000000000057,0.24891999999999825,337.5,1331.25,NaN
0.32689200000000085,0.34280499999999847,712.5,1875.0,NaN
0.38576900000000336,0.40486400000000344,582.524231,1446.601929,NaN
1.564895,1.5823990000000023,140.625,1031.25,NaN
