start,end,fmin,fmax,category
0.07578199999999669,0.09462400000000315,117.26384,1485.342041,NaN
0.09462400000000315,0.11346600000000251,136.807816,1758.957642,NaN
