start,end,fmin,fmax,category
0.004632000000000858,0.01742200000000338,166.153839,858.461548,NaN
0.265231,0.2828179999999989,181.528671,1156.050903,NaN
0.3483670000000032,0.3611569999999986,324.840759,917.197449,NaN
0.653731999999998,0.6649230000000017,581.538452,1320.0,NaN
