start,end,fmin,fmax,category
0.010181000000002882,0.04476400000000069,154.838715,2100.0,NaN
0.7185010000000034,0.7364329999999981,169.139465,1566.765503,NaN
0.8286549999999977,0.8504300000000029,96.774193,1703.22583,NaN
1.4357860000000002,1.4549990000000008,302.670624,801.18689,NaN
