start,end,fmin,fmax,category
0.05061200000000099,0.07238100000000003,1062.146851,1062.146851,s
0.6412699999999987,0.6630389999999977,632.768311,655.367249,s
0.7167349999999999,0.7573700000000017,617.363342,720.257202,s
1.1535599999999988,1.2043540000000021,271.186432,338.983063,s
1.2377320000000012,1.2914290000000008,-1.0,154.340836,s
