start,end,fmin,fmax,category
0.7466670000000022,0.768434999999954,341.880341,1891.737915,s
0.768434999999954,0.7916549999999916,279.202271,1754.98584,s
0.7916549999999916,0.8148750000000291,290.598297,1418.803467,s
0.852608000000032,0.8801809999999932,108.262108,1971.509888,s
1.5637189999999919,1.5825849999999946,210.826218,1977.208008,s
1.7741499999999633,1.80027199999995,381.766388,1698.005615,s
