start,end,fmin,fmax,category
0.7460849999999937,0.7747349999999642,142.433228,703.264099,NaN
