start,end,fmin,fmax,category
0.07745999999997366,0.0977779999999484,501.4245,1903.133911,s
0.2864399999999705,0.3111109999999826,313.39032,1994.302002,s
0.4228570000000218,0.45188199999995504,695.156677,1692.307739,s
0.4968710000000556,0.5229930000000422,626.78064,1891.737915,s
0.8785490000000209,0.9090250000000424,85.470085,1019.942993,s
1.358912000000032,1.382131999999956,102.564102,1219.373169,s
