start,end,fmin,fmax,category
1.7686629999999468,1.7909459999999626,115.384621,639.053223,NaN
