start,end,fmin,fmax,category
0.7027659999999969,0.7216329999999971,222.222229,1669.515747,s
0.7782310000000052,0.7999999999999545,575.498596,1868.945801,s
0.8798189999999977,0.9117459999999937,216.524216,1851.851807,s
1.7810429999999542,1.8057139999999663,740.740723,1954.415894,s
