start,end,fmin,fmax,category
0.06403599999998733,0.08725600000002487,427.350433,1965.812012,s
1.6487980000000562,1.6821770000000242,91.168091,1698.005615,s
