start,end,fmin,fmax,category
1.0797280000000455,1.1087529999999788,79.772079,1908.831909,s
