start,end,fmin,fmax,category
0.08685800000000654,0.10754999999994652,133.136093,568.047363,NaN
