start,end,fmin,fmax,category
1.6410530000000563,1.6617449999999963,275.147919,2103.550293,NaN
1.9418789999999717,1.9593869999999924,125.401932,2295.820068,NaN
