start,end,fmin,fmax,category
0.3582770000000437,0.39310699999998633,364.672363,1994.302002,s
0.5004989999999907,0.5251700000000028,757.834717,1943.02002,s
0.903946000000019,0.9329709999999523,119.658119,1857.549927,s
1.4713829999999462,1.4917010000000346,438.74646,1977.208008,s
