start,end,fmin,fmax,category
0.2872710000000325,0.3031869999999799,115.755623,549.839233,NaN
0.3206959999999981,0.33979599999997845,163.987137,1823.151123,NaN
