start,end,fmin,fmax,category
0.2855329999999867,0.31165499999997337,96.866096,849.002808,s
