start,end,fmin,fmax,category
0.514648999999963,0.9906580000000531,-1.0,1982.906006,a
0.9906580000000531,1.5334239999999681,-1.0,1971.509888,a
1.7540139999999838,2.4157820000000356,-1.0,1971.509888,a
