start,end,fmin,fmax,category
-0.24598600000001625,0.4157820000000356,-1.0,1971.509888,a
1.4258499999999685,2.284988999999996,-1.0,1960.114014,a
