start,end,fmin,fmax,category
0.0786239999999907,0.10568299999999908,115.384621,736.686401,NaN
