start,end,fmin,fmax,category
-0.5741500000000315,0.28498899999999594,-1.0,1960.114014,a
1.2834470000000238,1.6897960000000012,-1.0,1977.208008,a
