start,end,fmin,fmax,category
0.7605849999999919,0.7860520000000406,106.508881,434.911255,NaN
0.9308939999999666,0.9515850000000228,482.315094,2257.234863,NaN
1.70603600000004,1.7235449999999446,231.511246,2469.453369,NaN
