start,end,fmin,fmax,category
0.12154199999999804,0.1578230000000005,NaN,NaN,NaN
0.937142999999999,0.9792289999999966,NaN,NaN,NaN
1.0097049999999967,1.0488890000000026,NaN,NaN,NaN
1.1940140000000028,1.2114290000000025,NaN,NaN,NaN
1.2114290000000025,1.233196999999997,NaN,NaN,NaN
