start,end,fmin,fmax,category
0.993741,1.0227659999999972,302.857117,1742.857056,s
