start,end,fmin,fmax,category
1.127516,1.1482019999999977,281.25,637.5,NaN
