start,end,fmin,fmax,category
1.0699830000000006,1.0819729999999979,127.035835,1749.185669,NaN
1.9932519999999982,2.015520000000002,127.035835,381.107483,NaN
