start,end,fmin,fmax,category
1.4995369999999966,1.5139259999999979,544.615417,858.461548,NaN
