start,end,fmin,fmax,category
0.696159999999999,0.7128110000000021,124.629074,899.109802,NaN
1.2827970000000022,1.300728999999997,-1.0,2136.498535,NaN
1.409602999999997,1.4262540000000001,106.451614,1916.129028,NaN
1.8194799999999987,1.8412549999999968,142.433228,2278.931641,NaN
1.9770269999999996,1.9962400000000002,124.629074,756.676575,NaN
