start,end,fmin,fmax,category
0.12154199999999804,0.1578230000000005,700.565002,745.762695,s
0.937142999999999,0.9792289999999966,225.988708,248.58757,s
1.0097049999999967,1.0488890000000026,463.022491,514.469421,s
1.1940140000000028,1.2114290000000025,231.511246,257.234711,s
1.2114290000000025,1.233196999999997,1536.723145,1649.717529,s
