start,end,fmin,fmax,category
0.44444399999997586,1.199092999999948,883.116882,883.116882,a
