start,end,fmin,fmax,category
1.4926150000000007,1.5101230000000214,150.887573,2227.810547,NaN
