start,end,fmin,fmax,category
1.674792000000025,1.6970750000000407,115.384621,399.408295,NaN
