start,end,fmin,fmax,category
1.9359640000000127,2.5629020000000082,-1.0,1982.906006,a
