start,end,fmin,fmax,category
1.2234849999999824,1.2425849999999627,125.401932,694.533752,NaN
1.2791929999999638,1.293517999999949,168.639053,2600.591797,NaN
1.3969769999999926,1.4144850000000133,173.633438,2151.125488,NaN
