start,end,fmin,fmax,category
-0.06403599999998733,0.5629020000000082,-1.0,1982.906006,a
1.5744220000000269,1.6077999999999975,928.774963,1829.059814,s
