start,end,fmin,fmax,category
1.496387000000027,1.5154870000000074,266.272186,1819.526611,NaN
1.9627460000000383,1.9770710000000236,202.572342,1726.68811,NaN
