start,end,fmin,fmax,category
1.0721389999999928,1.092830000000049,142.011841,656.804749,NaN
1.357046999999966,1.3825140000000147,106.109329,376.20578,NaN
