start,end,fmin,fmax,category
0.17070300000000316,0.1968249999999898,518.518494,1937.321899,s
0.3477550000000065,0.3724260000000186,381.766388,1834.757813,s
0.5117460000000165,0.534966000000054,142.450134,1430.199341,s
1.67999999999995,1.7061220000000503,757.834717,1726.495728,s
