start,end,fmin,fmax,category
0.6581410000000005,0.6944220000000314,222.222229,871.794861,s
