start,end,fmin,fmax,category
0.30408999999997377,0.32478200000002744,195.266266,2609.467529,NaN
1.053765999999996,1.085599000000002,106.508881,363.905334,NaN
1.2877409999999827,1.3147989999999936,144.694534,414.791016,NaN
