start,end,fmin,fmax,category
1.1629930000000286,1.1833110000000033,814.814819,1772.079834,s
1.9394099999999526,1.9640819999999621,108.262108,575.498596,s
