start,end,fmin,fmax,category
1.2661849999999504,1.2852850000000444,424.437317,2797.42749,NaN
1.3553180000000111,1.3807849999999462,124.260353,2103.550293,NaN
