start,end,fmin,fmax,category
0.05986399999994774,0.09614499999997861,91.168091,1435.897461,s
0.08743800000002011,0.11646299999995335,1071.225098,1982.906006,s
0.2702950000000328,0.3167349999999942,79.772079,1863.247925,s
0.8972340000000258,0.9277100000000473,666.666687,1977.208008,s
1.1105669999999463,1.142494000000056,319.088318,1982.906006,s
1.4733790000000226,1.4995010000000093,250.71225,1971.509888,s
1.7723359999999957,1.8158730000000105,79.772079,1669.515747,s
