start,end,fmin,fmax,category
0.838752999999997,0.8594440000000532,97.633133,337.278107,NaN
1.69825400000002,1.7141699999999673,310.650879,2662.721924,NaN
1.7141699999999673,1.7332699999999477,142.011841,559.171631,NaN
