start,end,fmin,fmax,category
0.11192700000003697,0.13224500000001171,148.148148,1908.831909,s
0.18594099999995706,0.22077100000001337,85.470085,1162.393188,s
0.39346899999998186,0.43700699999999415,91.168091,1384.615479,s
1.139409999999998,1.1611789999999473,233.618225,1903.133911,s
