start,end,fmin,fmax,category
1.4346200000000024,1.450536999999997,774.480713,2145.400635,NaN
