start,end,fmin,fmax,category
-0.006748000000001753,0.015520000000002199,127.035835,381.107483,NaN
0.23134900000000158,0.25190400000000324,107.491859,1328.990234,NaN
