start,end,fmin,fmax,category
0.25095699999999965,0.26694499999999977,295.384613,1901.538452,NaN
0.2893270000000001,0.31011099999999914,248.407654,2589.171875,NaN
