start,end,fmin,fmax,category
0.5431700000000035,0.5572599999999994,445.103882,1077.151367,NaN
0.8480169999999987,0.8621059999999972,251.612915,938.709656,NaN
