start,end,fmin,fmax,category
1.4370820000000322,1.459365000000048,275.147919,2644.970459,NaN
1.5628239999999778,1.5803319999999985,106.508881,594.674561,NaN
