start,end,fmin,fmax,category
1.4035189999999602,1.4258029999999735,115.384621,568.047363,NaN
1.449677999999949,1.46559400000001,212.218658,2826.366455,NaN
