start,end,fmin,fmax,category
0.6599549999999681,0.688980000000015,313.39032,1737.891846,s
1.0909749999999576,1.1156459999999697,113.960114,552.706543,s
1.1374150000000327,1.159183999999982,358.974365,1977.208008,s
1.3652610000000323,1.4015419999999494,108.262108,1960.114014,s
