start,end,fmin,fmax,category
1.3278460000000223,1.350129000000038,97.633133,346.153839,NaN
