start,end,fmin,fmax,category
0.037188000000014654,0.06331099999999878,603.988586,1977.208008,s
0.1315190000000257,0.15473899999994956,410.256409,1960.114014,s
0.6075280000000021,0.6336509999999862,273.504272,1965.812012,s
0.7091159999999945,0.7439460000000508,102.564102,415.954407,s
0.8760089999999536,0.9050340000000006,77.922073,772.727234,s
0.9717910000000529,1.0037190000000464,68.376068,1139.601074,s
1.2199550000000272,1.2620409999999538,102.564102,1908.831909,s
1.5522899999999709,1.5813150000000178,96.866096,723.646729,s
