start,end,fmin,fmax,category
1.6484980000000178,1.666007000000036,159.763306,2520.709961,NaN
