start,end,fmin,fmax,category
0.3722450000000208,0.39836700000000747,284.900269,1823.361816,s
0.6973239999999805,0.7234469999999646,188.034195,1800.569824,s
1.8728340000000117,1.9004079999999703,102.564102,1937.321899,s
