start,end,fmin,fmax,category
0.022313000000053762,0.06439899999998033,74.074074,1954.415894,s
0.6042629999999463,0.6318370000000186,547.008545,2000.0,s
0.6739229999999452,0.6985939999999573,307.692322,1943.02002,s
0.7450340000000324,0.7668029999999817,381.766388,1960.114014,s
1.1847619999999779,1.2137870000000248,319.088318,2000.0,s
1.2457140000000209,1.2761900000000423,113.960114,1777.777832,s
1.647709999999961,1.6839909999999918,113.960114,1903.133911,s
1.9016779999999471,1.935057000000029,102.564102,1823.361816,s
