start,end,fmin,fmax,category
0.1928490000000238,0.2087659999999687,192.926041,2257.234863,NaN
0.326549,0.3488320000000158,106.508881,426.035522,NaN
