start,end,fmin,fmax,category
0.46256800000003295,0.4800760000000537,115.755623,598.07074,NaN
0.7283760000000257,0.750660000000039,204.142014,2724.852051,NaN
