start,end,fmin,fmax,category
0.6519729999999981,0.6926079999999502,102.564102,1965.812012,s
1.6707480000000032,1.7026759999999967,108.262108,1709.401733,s
