start,end,fmin,fmax,category
0.7354699999999639,0.7688950000000432,115.384621,363.905334,NaN
0.8994119999999839,0.9312449999999899,106.109329,453.37619,NaN
