start,end,fmin,fmax,category
0.5443989999999985,0.57487500000002,91.168091,1925.926025,s
0.8636729999999488,0.9043080000000145,68.376068,1943.02002,s
1.3745119999999815,1.3919270000000097,541.310547,1971.509888,s
1.5210879999999634,1.545759999999973,621.082581,2000.0,s
1.6879820000000336,1.7155559999999923,461.538452,1977.208008,s
