start,end,fmin,fmax,category
0.03337899999996807,0.05804999999998017,102.564102,1977.208008,s
0.7053059999999505,0.7299769999999626,210.826218,1908.831909,s
0.7299769999999626,0.7677099999999655,131.054138,1823.361816,s
0.8068929999999455,0.8402720000000272,102.564102,860.398865,s
0.9578229999999621,0.9970070000000533,79.772079,1726.495728,s
1.1247170000000324,1.1479369999999562,529.914551,1994.302002,s
1.7806799999999612,1.8009980000000496,358.974365,1851.851807,s
