start,end,fmin,fmax,category
0.53564700000004,0.5515629999999874,230.769241,2565.088867,NaN
