start,end,fmin,fmax,category
0.45997299999999086,0.48066500000004453,106.508881,328.402374,NaN
