start,end,fmin,fmax,category
1.5686170000000175,1.599093000000039,84.415588,1831.168945,s
1.632472000000007,1.6600449999999682,96.866096,1806.267822,s
