start,end,fmin,fmax,category
0.4143309999999971,0.462221999999997,NaN,NaN,NaN
0.8308389999999974,0.8555100000000024,NaN,NaN,NaN
1.3402269999999987,1.3736049999999977,NaN,NaN,NaN
1.4984129999999993,1.539048000000001,NaN,NaN,NaN
