start,end,fmin,fmax,category
0.9585489999999979,0.9846709999999987,400.0,1548.571411,s
