start,end,fmin,fmax,category
1.2751280000000023,1.3141450000000034,196.911194,1158.301147,NaN
1.857129999999998,1.8912690000000012,150.579147,2478.764648,NaN
