start,end,fmin,fmax,category
0.6983109999999968,0.7142240000000015,215.625,806.250061,NaN
