start,end,fmin,fmax,category
0.2971420000000009,0.32112300000000005,146.579803,2198.697021,NaN
0.8058819999999969,0.823011000000001,-1.0,1817.5896,NaN
1.938127999999999,1.960396000000003,175.895767,342.019531,NaN
