start,end,fmin,fmax,category
1.2742250000000013,1.2902130000000014,489.230774,710.769226,NaN
1.301403999999998,1.3141940000000005,382.165619,917.197449,NaN
1.3141940000000005,1.3285830000000018,363.057343,993.630615,NaN
1.3717499999999987,1.3845400000000012,184.615387,2160.0,NaN
1.5875839999999997,1.605170000000001,230.769241,1698.461426,NaN
1.6835099999999983,1.699497000000001,124.203827,1958.598755,NaN
