start,end,fmin,fmax,category
0.2864310000000003,0.30436300000000216,212.903229,2061.290283,NaN
