start,end,fmin,fmax,category
0.4143309999999971,0.462221999999997,745.980652,874.598083,s
0.8308389999999974,0.8555100000000024,632.768311,632.768311,s
1.3402269999999987,1.3736049999999977,384.180786,564.971741,s
1.4984129999999993,1.539048000000001,463.022491,617.363342,s
