start,end,fmin,fmax,category
0.21876699999995708,0.2362749999999778,159.763306,2644.970459,NaN
