start,end,fmin,fmax,category
0.5191839999999956,0.5409519999999475,341.880341,1834.757813,s
0.8239459999999781,0.8500679999999647,450.142456,1954.415894,s
0.9371429999999918,0.9748749999999973,102.564102,974.358948,s
1.2157819999999901,1.2622219999999515,96.866096,1658.119629,b
1.8296599999999899,1.8528800000000274,638.176636,1931.623901,s
1.9457599999999502,1.9660770000000412,774.928772,1823.361816,s
