start,end,fmin,fmax,category
0.012517000000002554,0.03863899999998921,763.532776,1749.28772,s
0.21424000000001797,0.2563270000000557,85.470085,1806.267822,s
0.7860319999999774,0.8107029999999895,626.78064,1789.173828,s
0.8107029999999895,0.8310199999999668,79.772079,1903.133911,s
1.5972789999999577,1.6306580000000395,85.470085,1914.529907,s
1.7873919999999544,1.82802700000002,71.428574,1727.272705,s
