start,end,fmin,fmax,category
1.2684030000000348,1.2811359999999468,124.260353,2671.597656,NaN
1.298644999999965,1.330477999999971,106.109329,327.974274,NaN
1.9289449999999988,1.9639620000000377,125.401932,2295.820068,NaN
