start,end,fmin,fmax,category
0.054422000000045045,0.09070299999996223,102.564102,1960.114014,s
0.7408619999999928,0.7655330000000049,410.256409,1954.415894,s
0.8569609999999557,0.8830840000000535,438.74646,1948.717896,s
1.0514289999999846,1.08916099999999,68.376068,1760.683716,s
1.285078999999996,1.3082990000000336,421.652435,1971.509888,s
1.4664850000000342,1.5071199999999862,85.470085,1754.98584,s
1.7726979999999912,1.8104309999999941,125.356125,1977.208008,s
