start,end,fmin,fmax,category
0.12067300000001069,0.13340600000003633,683.431946,2316.568115,NaN
0.3498730000000023,0.3848890000000438,144.694534,385.852081,NaN
0.8798980000000256,0.8958149999999705,202.572342,2054.662354,NaN
1.470407000000023,1.4910989999999629,97.633133,284.023682,NaN
1.5229319999999689,1.5499909999999772,135.048233,627.009644,NaN
