start,end,fmin,fmax,category
0.03392299999995885,0.06294800000000578,91.168091,1851.851807,s
0.20516999999995278,0.22693900000001577,478.632477,1960.114014,s
0.6927889999999479,0.7131070000000364,159.544159,1743.589722,s
1.274738999999954,1.312471999999957,79.772079,1230.769287,s
1.3850340000000188,1.4242179999999962,85.470085,985.754944,s
1.501133999999979,1.5316100000000006,79.772079,1777.777832,s
1.7202720000000227,1.7565530000000535,96.866096,1948.717896,NaN
