start,end,fmin,fmax,category
0.09033999999996922,0.11936500000001615,90.909096,1961.03894,s
0.1730609999999615,0.20208600000000843,90.909096,1974.026001,s
0.3588210000000345,0.38639499999999316,205.128204,1834.757813,s
0.6548749999999472,0.6780949999999848,165.242172,1982.906006,s
0.6780949999999848,0.6969609999999875,256.410278,1908.831909,s
1.1526529999999866,1.1787759999999707,592.59259,1965.812012,s
1.5038550000000441,2.5893879999999854,-1.0,113.960114,a
