start,end,fmin,fmax,category
1.7305760000000419,1.7464929999999868,142.011841,603.550293,NaN
1.8881509999999935,1.9104350000000068,106.109329,414.791016,NaN
