start,end,fmin,fmax,category
0.3306350000000293,0.34814300000005005,106.109329,520.90033,NaN
1.1344269999999597,1.1535270000000537,133.136093,2396.449707,NaN
