start,end,fmin,fmax,category
-0.49614499999995587,0.5893879999999854,-1.0,113.960114,a
1.1336049999999886,2.178502999999978,-1.0,1948.717896,a
