start,end,fmin,fmax,category
0.7706620000000157,0.784987000000001,97.633133,514.792908,NaN
1.0874039999999923,1.1096880000000056,133.136093,665.680481,NaN
1.5951459999999997,1.6158380000000534,106.109329,491.961426,NaN
