start,end,fmin,fmax,category
-0.8663950000000114,0.17850299999997787,-1.0,1948.717896,a
0.3352380000000039,1.6297510000000557,-1.0,1925.926025,a
1.7284349999999904,2.5817690000000084,-1.0,1937.321899,a
