start,end,fmin,fmax,category
1.4526230000000169,1.482864999999947,106.508881,674.556213,NaN
