start,end,fmin,fmax,category
-0.2715650000000096,0.5817690000000084,-1.0,1937.321899,a
1.4176870000000008,2.979229000000032,-1.0,1897.435913,a
