start,end,fmin,fmax,category
-0.5823129999999992,0.9792290000000321,-1.0,1897.435913,a
1.3855780000000095,2.5291610000000446,-1.0,1886.039795,a
