start,end,fmin,fmax,category
0.41717400000004545,0.4394569999999476,133.136093,461.538483,NaN
0.9885829999999487,1.0076830000000427,106.508881,390.532532,NaN
1.037924999999973,1.0554329999999936,115.384621,603.550293,NaN
