start,end,fmin,fmax,category
0.6423260000000255,0.6582429999999704,177.514801,1650.887451,NaN
1.0625270000000455,1.0895850000000564,96.46302,347.266876,NaN
1.6259770000000344,1.6466689999999744,88.757401,594.674561,NaN
1.8965610000000197,1.9140690000000404,96.46302,385.852081,NaN
