start,end,fmin,fmax,category
-0.6144219999999905,0.5291610000000446,-1.0,1886.039795,a
