start,end,fmin,fmax,category
0.14975599999999645,0.17251600000000167,173.745178,613.899597,NaN
0.3952370000000016,0.4212479999999985,150.579147,579.150574,NaN
0.5090360000000018,0.5350480000000033,115.830109,648.648682,NaN
0.8146679999999975,0.8325510000000023,138.99614,613.899597,NaN
1.9103920000000016,1.941279999999999,138.99614,498.069489,NaN
