start,end,fmin,fmax,category
1.2262509999999978,1.239955000000002,175.895767,1631.921753,NaN
