start,end,fmin,fmax,category
0.0002309999999994261,0.016882000000002506,241.935471,919.354858,NaN
0.07580200000000303,0.09629600000000238,124.629074,801.18689,NaN
0.16546300000000258,0.18467600000000317,367.741943,851.612915,NaN
0.4510959999999997,0.46518600000000276,270.967743,1654.838745,NaN
1.875421000000003,1.8933529999999976,174.193542,851.612915,NaN
