start,end,fmin,fmax,category
0.009412000000000198,0.03169600000000017,1682.492554,1691.394775,NaN
0.49487099999999984,0.5155630000000002,427.299713,436.201782,NaN
