start,end,fmin,fmax,category
0.5946490000000004,0.6207710000000004,428.571442,1731.428589,s
1.12,1.1577320000000002,320.0,908.571411,s
