start,end,fmin,fmax,category
0.03987099999999977,0.05937899999999985,173.745178,637.065613,NaN
0.45848900000000015,0.48531299999999966,162.16217,637.065613,NaN
