start,end,fmin,fmax,category
1.621264,1.634055,480.0,840.0,NaN
1.6436469999999996,1.654839,415.384644,1033.846069,NaN
1.6644310000000004,1.67882,101.538467,369.230774,NaN
1.747567,1.7635550000000002,563.076965,1144.615356,NaN
1.789135,1.8019249999999998,138.461548,1033.846069,NaN
1.881863,1.8978510000000002,212.307678,1033.846069,NaN
1.947413,1.9634010000000002,369.230774,978.461548,NaN
