start,end,fmin,fmax,category
0.09799199999999963,0.12652800000000042,98.360649,442.622955,s
0.18994,0.21213399999999982,177.049179,452.459015,s
0.6496760000000004,0.6877230000000001,118.032784,462.295074,s
0.7241850000000003,0.7543049999999996,98.360649,334.426239,s
1.542198,1.5643919999999998,196.721298,432.786896,s
