start,end,fmin,fmax,category
0.5016429999999996,0.5192959999999998,330.097107,669.902893,s
0.53695,0.5562079999999998,291.262115,631.067932,s
1.2142020000000002,1.2366700000000002,194.174774,1000.0,s
1.6651689999999997,1.686032,310.679626,941.747559,s
1.7919530000000004,1.804792,456.310669,980.58252,s
