start,end,fmin,fmax,category
0.2812640000000002,0.2957010000000002,141.304352,597.82605,s
0.3871330000000004,0.4063819999999998,293.478271,608.695618,s
1.2918279999999998,1.3126810000000004,391.304352,1141.304321,s
