start,end,fmin,fmax,category
1.194394,1.2199739999999997,107.14286,723.214294,s
