start,end,fmin,fmax,category
0.08873200000000026,0.11254899999999957,377.358521,698.11322,s
1.2446910000000004,1.2589819999999996,246.200607,565.349548,s
1.470167,1.4876329999999998,575.47168,924.52832,s
1.6686490000000003,1.6892909999999999,490.566071,943.39624,s
