start,end,fmin,fmax,category
0.9587770000000004,0.9810489999999996,137.195129,457.317078,s
