start,end,fmin,fmax,category
0.11780299999998078,0.1448609999999917,106.109329,347.266876,NaN
0.1448609999999917,0.19579399999997804,125.401932,2247.588379,NaN
0.3406360000000177,0.3883859999999686,133.136093,2174.556152,NaN
0.49343599999997423,0.5204949999999826,115.755623,607.717041,NaN
0.6239530000000286,0.663744999999949,135.048233,2093.247559,NaN
1.1985449999999673,1.2224200000000565,97.633133,346.153839,NaN
