start,end,fmin,fmax,category
0.9977320000000418,1.0253060000000005,85.470085,478.632477,s
1.041270000000054,1.071745999999962,119.658119,871.794861,s
1.4418140000000221,1.4766439999999648,188.034195,849.002808,s
1.5129249999999956,1.5448529999999892,110.38961,675.324707,s
