start,end,fmin,fmax,category
0.1442180000000235,0.19210899999995945,142.450134,1903.133911,s
0.840816000000018,0.9003169999999727,170.94017,1948.717896,s
1.0352830000000495,1.1136510000000044,131.054138,1965.812012,s
1.5562810000000127,1.5765989999999874,296.296295,746.438721,s
1.6157819999999674,1.6448070000000143,142.857147,1000.0,s
1.820408000000043,1.8465310000000272,108.262108,928.774963,s
