start,end,fmin,fmax,category
0.5832970000000159,0.6183129999999437,88.757401,363.905334,NaN
1.2326970000000301,1.2517970000000105,115.384621,585.798828,NaN
1.8438979999999674,1.8677730000000565,115.755623,607.717041,NaN
1.9250729999999976,1.948947999999973,135.048233,723.472656,NaN
