start,end,fmin,fmax,category
1.6170519999999442,1.6388210000000072,125.356125,1982.906006,s
1.6707480000000032,1.6968709999999874,324.786346,1982.906006,s
