start,end,fmin,fmax,category
0.5690700000000106,0.615509999999972,153.846161,1977.208008,s
0.7896600000000262,0.8114289999999755,125.356125,1811.96582,s
1.3875739999999723,1.4224040000000286,176.638168,535.612549,s
1.467392000000018,1.5094779999999446,176.638168,962.963013,s
1.7924719999999752,1.8273020000000315,142.450134,1965.812012,s
