start,end,fmin,fmax,category
0.6802509999999984,0.6961669999999458,195.266266,1713.017822,NaN
1.1243259999999964,1.1482009999999718,159.763306,710.059204,NaN
1.277125999999953,1.2978180000000066,135.048233,578.778137,NaN
1.3105510000000322,1.3407929999999624,125.401932,434.083618,NaN
