start,end,fmin,fmax,category
0.034760000000005675,0.055451999999945656,106.508881,355.029602,NaN
