start,end,fmin,fmax,category
0.5471199999999499,0.5703399999999874,233.618225,985.754944,s
