start,end,fmin,fmax,category
0.005246000000056483,0.0211620000000039,257.396454,1855.029541,NaN
0.07368699999994988,0.08642099999997299,115.755623,520.90033,NaN
0.3840629999999692,0.3999790000000303,135.048233,559.485535,NaN
0.9491050000000314,0.9697959999999739,96.46302,733.118958,NaN
