start,end,fmin,fmax,category
0.0664560000000165,0.09192299999995157,88.757401,310.650879,NaN
1.1567489999999907,1.177440000000047,106.508881,470.414215,NaN
1.1933569999999918,1.2092740000000504,144.694534,434.083618,NaN
1.2235990000000356,1.239514999999983,424.437317,1717.04187,NaN
1.3907239999999774,1.4114150000000336,133.136093,594.674561,NaN
1.970091000000025,1.9907829999999649,150.887573,532.544373,NaN
