start,end,fmin,fmax,category
0.2202270000000226,0.2448980000000347,131.054138,455.840454,s
0.2594100000000026,0.27972799999997733,894.586914,1732.193726,s
0.5307940000000144,0.5598189999999477,1168.091187,1789.173828,s
0.8428119999999808,0.8631289999999581,188.034195,1960.114014,s
