start,end,fmin,fmax,category
0.8731070000000045,0.8934239999999818,438.74646,1977.208008,s
0.9006799999999657,0.9311559999999872,387.464386,1994.302002,s
1.053060999999957,1.0762809999999945,621.082581,1971.509888,s
1.0936960000000227,1.1198190000000068,581.196594,1903.133911,s
1.241722999999979,1.272199999999998,450.142456,1880.341919,s
1.311382999999978,1.3375059999999621,438.74646,1920.227905,NaN
1.5174600000000282,1.5421320000000378,484.330475,1988.604004,s
