start,end,fmin,fmax,category
0.3178020000000288,0.33690200000000914,142.011841,594.674561,NaN
0.47696800000005624,0.49447699999996075,221.86496,1948.552979,NaN
0.615444000000025,0.6425020000000359,106.109329,511.254028,NaN
0.8462349999999788,0.863743999999997,125.401932,530.546631,NaN
