start,end,fmin,fmax,category
0.9456460000000106,0.9679290000000265,135.048233,2025.723511,NaN
1.0920790000000125,1.1127709999999524,159.763306,541.420105,NaN
1.2162289999999985,1.2353289999999788,125.401932,646.302246,NaN
1.3976800000000367,1.416780000000017,115.755623,559.485535,NaN
1.443838000000028,1.464529999999968,115.755623,549.839233,NaN
