start,end,fmin,fmax,category
1.3574599999999464,1.380679999999984,666.666687,1982.906006,s
1.4517909999999574,1.4793650000000298,638.176636,1994.302002,s
1.5504760000000033,1.5765989999999874,495.726501,1971.509888,s
1.5824039999999968,1.6143309999999929,495.726501,1982.906006,s
1.7391380000000254,1.763810000000035,330.484344,1960.114014,s
1.763810000000035,1.788481000000047,484.330475,1965.812012,NaN
1.858141000000046,1.890068000000042,387.464386,2000.0,s
1.9785940000000437,2.003265000000056,370.370361,1549.857544,s
