start,end,fmin,fmax,category
0.08596800000000115,0.11035300000000348,150.579147,671.814697,NaN
1.0695180000000022,1.089025999999997,243.243225,660.231628,NaN
