start,end,fmin,fmax,category
0.004956999999997436,0.02405199999999752,196.874985,787.499939,NaN
1.1522580000000033,1.1697619999999986,178.125,2737.5,NaN
