start,end,fmin,fmax,category
0.09299399999999736,0.10840999999999923,146.579803,1729.641602,NaN
0.27285100000000284,0.30025799999999947,97.719872,332.247559,NaN
0.6479830000000035,0.6736769999999979,107.491859,381.107483,NaN
1.425652999999997,1.4513469999999984,175.895767,371.33551,NaN
1.6003720000000001,1.6277789999999968,175.895767,1846.905518,NaN
1.737406,1.7613869999999991,107.491859,1856.67749,NaN
