start,end,fmin,fmax,category
1.1624260000000035,1.1832100000000025,166.153839,1070.769165,NaN
1.6596430000000026,1.6756310000000028,193.846146,369.230774,NaN
