start,end,fmin,fmax,category
0.12903200000000226,0.14696399999999699,116.129036,1606.45166,NaN
0.6900520000000014,0.7002990000000011,462.90802,1744.807129,NaN
0.9244509999999977,0.9462260000000029,232.258072,1954.838623,NaN
1.3625070000000008,1.3804400000000001,232.258072,948.387085,NaN
