start,end,fmin,fmax,category
-0.021405999999956293,0.0032650000000558066,370.370361,1549.857544,s
0.41687100000001465,0.4328339999999571,450.142456,1982.906006,s
