start,end,fmin,fmax,category
1.8504400000000487,1.8727239999999483,115.384621,701.183411,NaN
1.9093319999999494,1.9332070000000385,96.46302,800.643066,NaN
