start,end,fmin,fmax,category
0.13534900000001926,0.15763200000003508,96.46302,655.948547,NaN
0.3008820000000014,0.3231660000000147,124.260353,576.923096,NaN
0.6017080000000306,0.6160330000000158,106.109329,530.546631,NaN
