start,end,fmin,fmax,category
0.721810000000005,0.7393180000000257,692.307678,1535.50293,NaN
0.9876179999999977,1.009902000000011,115.384621,559.171631,NaN
1.262976999999978,1.2820769999999584,124.260353,541.420105,NaN
1.5271940000000086,1.543109999999956,318.327972,2536.977295,NaN
1.7611689999999953,1.7754939999999806,173.633438,1929.260376,NaN
