start,end,fmin,fmax,category
0.11755100000004859,0.142221999999947,472.934479,1965.812012,s
