start,end,fmin,fmax,category
0.7655119999999442,0.7973449999999502,96.46302,588.424438,NaN
1.3926290000000563,1.4101369999999633,710.059204,1579.881714,NaN
1.4769870000000083,1.4960869999999886,275.147919,426.035522,NaN
1.607503999999949,1.621829000000048,115.755623,588.424438,NaN
1.679128999999989,1.6982289999999693,133.136093,532.544373,NaN
1.8605790000000297,1.874904000000015,115.755623,704.180054,NaN
