start,end,fmin,fmax,category
1.9938319999999976,2.0126980000000003,507.122528,1977.208008,s
