start,end,fmin,fmax,category
-0.006168000000002394,0.01269800000000032,507.122528,1977.208008,s
0.01269800000000032,0.030113000000028478,478.632477,1914.529907,s
0.06494299999997111,0.08743800000002011,415.954407,1977.208008,s
0.09033999999996922,0.12009100000000217,393.162415,1971.509888,s
0.17596400000002177,0.20208600000000843,518.518494,1954.415894,s
0.23038499999995565,0.2594100000000026,484.330475,1988.604004,s
0.27392299999996794,0.29278899999997066,461.538452,1971.509888,s
0.29641700000001947,0.32326499999999214,478.632477,1948.717896,s
0.47201800000004823,0.4959639999999581,638.176636,1994.302002,s
