start,end,fmin,fmax,category
0.06749600000000555,0.0865959999999859,125.401932,781.350464,NaN
1.2516970000000356,1.3265059999999949,106.508881,363.905334,NaN
1.5557059999999865,1.579580999999962,115.384621,434.911255,NaN
