start,end,fmin,fmax,category
0.19874000000004344,0.2719570000000431,124.260353,505.917145,NaN
0.3037900000000491,0.3531319999999596,125.401932,472.668793,NaN
0.36586499999998523,0.4183900000000449,142.011841,594.674561,NaN
0.4470400000000154,0.7128490000000056,154.340836,569.131836,NaN
0.7574160000000347,0.8019819999999527,106.109329,491.961426,NaN
0.8767910000000256,0.9181740000000218,135.048233,501.607727,NaN
0.9579660000000558,1.004124000000047,125.401932,501.607727,NaN
1.0264069999999492,1.3320079999999734,106.109329,443.729919,NaN
