start,end,fmin,fmax,category
1.6096850000000131,1.6271930000000339,639.053223,1988.165649,NaN
1.7004100000000335,1.7163269999999784,154.340836,646.302246,NaN
1.821376999999984,1.8468430000000353,135.048233,356.913208,NaN
1.9487100000000055,1.9964599999999564,144.694534,453.37619,NaN
