start,end,fmin,fmax,category
0.2097440000000006,0.22725200000002133,96.46302,376.20578,NaN
0.8559609999999793,0.8877939999999853,115.755623,366.559479,NaN
1.433736999999951,1.4560199999999668,106.508881,301.775146,NaN
