start,end,fmin,fmax,category
0.2429019999999582,0.26322000000004664,113.960114,564.1026,s
0.26322000000004664,0.29369599999995444,142.450134,541.310547,s
0.31256199999995715,0.34448999999995067,102.564102,552.706543,s
0.7058500000000549,0.7319730000000391,1276.353271,1971.509888,NaN
1.177505999999994,1.2036279999999806,871.794861,1988.604004,s
