start,end,fmin,fmax,category
0.04172300000004725,0.06349199999999655,324.786346,1982.906006,s
0.07147399999996651,0.09687099999996462,490.028503,1982.906006,s
0.12299299999995128,0.141858999999954,472.934479,1982.906006,s
0.141858999999954,0.1672559999999521,433.048431,2000.0,s
0.19337900000004993,0.2202270000000226,393.162415,1971.509888,s
0.25578199999995377,0.2819050000000516,501.4245,1965.812012,s
0.4335600000000568,0.4546030000000201,478.632477,1982.906006,s
0.8217690000000175,0.8435369999999693,524.216553,1772.079834,s
