start,end,fmin,fmax,category
1.069972000000007,1.0890719999999874,97.633133,585.798828,NaN
1.1352299999999786,1.1511470000000372,250.803864,2073.955078,NaN
1.4838049999999612,1.5029050000000552,115.384621,346.153839,NaN
1.6636640000000398,1.6859470000000556,163.987137,385.852081,NaN
1.8212389999999914,1.8403389999999717,106.109329,356.913208,NaN
