start,end,fmin,fmax,category
0.16997700000001714,0.19319700000005469,216.524216,1960.114014,s
