start,end,fmin,fmax,category
1.3375940000000028,1.3619920000000008,NaN,NaN,NaN
1.3619920000000008,1.4007409999999965,NaN,NaN,NaN
1.5212939999999975,1.5672190000000015,NaN,NaN,NaN
