start,end,fmin,fmax,category
0.24544199999999705,0.27011300000000205,1282.05127,1891.737915,s
1.4790020000000013,1.5036729999999991,131.054138,945.868958,s
1.7329709999999992,1.759093,427.350433,683.760681,s
