start,end,fmin,fmax,category
1.0745039999999975,1.0904170000000022,337.5,515.625,NaN
