start,end,fmin,fmax,category
0.9792800000000028,0.9946959999999976,283.387634,1719.869751,NaN
1.4794550000000015,1.5000100000000032,97.719872,469.055359,NaN
