start,end,fmin,fmax,category
0.7696010000000015,0.7823679999999982,832.116821,1959.854004,NaN
