start,end,fmin,fmax,category
1.3375940000000028,1.3619920000000008,843.304871,866.096863,s
1.3619920000000008,1.4007409999999965,1344.729248,1435.897461,s
1.5212939999999975,1.5672190000000015,493.5065,571.428589,s
