start,end,fmin,fmax,category
1.6937679999999773,1.7144590000000335,204.142014,2059.171631,NaN
