start,end,fmin,fmax,category
0.28281200000003537,0.308934000000022,1065.5271,2000.0,s
1.1608159999999543,1.1898410000000013,119.658119,2000.0,s
1.5512019999999893,1.578775999999948,1242.165161,1971.509888,s
