start,end,fmin,fmax,category
0.9002520000000231,0.916168999999968,408.284027,1810.651001,NaN
