start,end,fmin,fmax,category
1.4978549999999586,1.5137710000000197,88.757401,390.532532,NaN
1.5551550000000134,1.5790299999999888,96.46302,578.778137,NaN
1.699997000000053,1.71750499999996,239.644958,1730.769165,NaN
