start,end,fmin,fmax,category
0.5945140000000038,0.6136139999999841,355.029602,1713.017822,NaN
