start,end,fmin,fmax,category
1.204849999999965,1.2366829999999709,115.384621,1979.290039,NaN
1.9067760000000362,1.9274669999999787,106.508881,372.781067,NaN
