start,end,fmin,fmax,category
0.7733699999999999,0.7924699999999802,257.396454,1872.781128,NaN
0.8545450000000301,0.8736450000000104,125.401932,395.498383,NaN
0.9086620000000494,0.9245789999999943,125.401932,501.607727,NaN
