start,end,fmin,fmax,category
1.8070900000000165,1.8245980000000372,97.633133,328.402374,NaN
