start,end,fmin,fmax,category
0.5344820000000254,0.5599489999999605,88.757401,1624.260254,NaN
