start,end,fmin,fmax,category
0.29732400000000325,0.3263490000000502,871.794861,1965.812012,s
0.6122450000000299,0.6354649999999538,125.356125,1789.173828,s
