start,end,fmin,fmax,category
1.7024720000000002,1.7215719999999948,747.774475,1833.827881,NaN
