start,end,fmin,fmax,category
0.050865000000001714,0.08387399999999445,NaN,NaN,NaN
0.7670070000000067,0.8129310000000061,NaN,NaN,NaN
0.8129310000000061,0.8358939999999961,NaN,NaN,NaN
0.8416339999999991,0.8889939999999967,NaN,NaN,NaN
0.9765390000000025,1.0195930000000004,NaN,NaN,NaN
1.038250000000005,1.0813050000000004,NaN,NaN,NaN
1.7242530000000045,1.7472159999999946,NaN,NaN,NaN
1.9050830000000047,1.9409610000000015,NaN,NaN,NaN
