start,end,fmin,fmax,category
1.1000449999999944,1.126168000000007,91.428574,1714.285767,s
