start,end,fmin,fmax,category
1.7108989999999977,1.728780999999998,729.729736,2293.436279,NaN
