start,end,fmin,fmax,category
0.5161889999999971,0.5336929999999995,159.375,881.249939,NaN
1.171789000000004,1.1924759999999992,140.625,928.124939,NaN
1.6459859999999935,1.6682639999999935,365.625,1031.25,NaN
