start,end,fmin,fmax,category
1.5863590000000016,1.615477999999996,117.26384,537.45929,NaN
1.970055000000002,1.9906100000000038,322.475586,1758.957642,NaN
