start,end,fmin,fmax,category
0.11694799999999361,0.12654000000000565,544.615417,683.076904,NaN
0.15531799999999407,0.16491100000000358,133.757965,277.070068,NaN
0.20488000000000284,0.21607099999999946,544.585999,783.439453,NaN
0.22726199999999608,0.2464480000000009,124.203827,296.178345,NaN
0.36315799999999854,0.3823430000000059,230.769241,987.692261,NaN
0.6813120000000055,0.6925039999999996,378.461517,1578.461548,NaN
1.3320099999999968,1.3511960000000016,858.461548,1956.923096,NaN
