start,end,fmin,fmax,category
0.050865000000001714,0.08387399999999445,296.296295,319.088318,s
0.7670070000000067,0.8129310000000061,524.216553,524.216553,s
0.8129310000000061,0.8358939999999961,1094.01709,1116.809082,s
0.8416339999999991,0.8889939999999967,1139.601074,1185.185181,s
0.9765390000000025,1.0195930000000004,389.610382,441.558441,s
1.038250000000005,1.0813050000000004,259.740265,415.584412,s
1.3740760000000023,1.3970390000000066,118.032784,226.229507,s
1.7242530000000045,1.7472159999999946,843.304871,866.096863,s
1.9050830000000047,1.9409610000000015,227.920227,250.71225,s
