start,end,fmin,fmax,category
0.05047700000000077,0.07435199999997621,124.260353,1508.875732,NaN
