start,end,fmin,fmax,category
0.2597120000000359,0.2772210000000541,106.508881,337.278107,NaN
