start,end,fmin,fmax,category
1.2695569999999634,1.2934320000000525,142.011841,532.544373,NaN
1.5226320000000442,1.5496910000000526,96.46302,299.03537,NaN
1.5799319999999852,1.5990319999999656,106.508881,319.526611,NaN
1.642007000000035,1.6722489999999652,115.755623,742.765259,NaN
