start,end,fmin,fmax,category
0.7639000000000351,0.7856689999999844,626.78064,1817.663818,s
