start,end,fmin,fmax,category
0.7187020000000075,0.7441690000000563,115.384621,488.165649,NaN
0.7744099999999889,0.7966940000000022,96.46302,530.546631,NaN
