start,end,fmin,fmax,category
-0.003447000000051048,0.016871000000037384,250.71225,1971.509888,s
0.16417200000000776,0.18521499999997104,672.364624,1800.569824,s
1.3469390000000203,1.3759639999999536,404.55838,1891.737915,s
1.7692520000000513,1.8185939999999619,102.564102,324.786346,s
1.9027660000000424,1.9463040000000547,90.909096,376.623352,s
