start,end,fmin,fmax,category
1.4340879999999743,1.4484129999999595,88.757401,381.656799,NaN
1.4882049999999936,1.5057130000000143,97.633133,452.66275,NaN
1.523221000000035,1.5470960000000105,106.508881,248.520706,NaN
1.7189969999999448,1.7412799999999606,142.011841,710.059204,NaN
