start,end,fmin,fmax,category
0.016639000000054693,0.03573900000003505,135.048233,713.826416,NaN
0.10258899999996629,0.12168899999994665,125.401932,684.887451,NaN
