start,end,fmin,fmax,category
0.5203330000000506,0.536248999999998,115.384621,443.786987,NaN
0.9134749999999485,0.9293910000000096,135.048233,405.144684,NaN
0.9994249999999738,1.02011600000003,106.109329,501.607727,NaN
1.2954750000000104,1.3193499999999858,115.384621,718.934937,NaN
