start,end,fmin,fmax,category
1.0982310000000552,1.1388660000000073,586.894592,1994.302002,s
1.1678910000000542,1.2012700000000223,472.934479,1982.906006,s
1.2114289999999528,1.2433559999999488,512.820557,1982.906006,s
1.2999549999999545,1.3318819999999505,581.196594,1954.415894,s
1.3318819999999505,1.3507479999999532,455.840454,1982.906006,s
1.3812239999999747,1.4204079999999522,484.330475,1977.208008,s
1.449432999999999,1.4755559999999832,438.74646,1897.435913,s
1.6932430000000522,1.719365000000039,598.290649,1971.509888,s
1.9428570000000036,1.9660770000000412,609.686584,1817.663818,s
