start,end,fmin,fmax,category
1.9344610000000557,1.948786000000041,88.757401,514.792908,NaN
