start,end,fmin,fmax,category
0.061859000000026754,0.08362799999997605,529.914551,1948.717896,s
0.16344700000001922,0.1779589999999871,1185.185181,1777.777832,s
0.21714299999996456,0.23746000000005552,1122.50708,1612.535645,s
1.2547849999999698,1.2823580000000447,997.151001,1823.361816,s
1.3142860000000383,1.33605399999999,444.444458,1042.735107,s
