start,end,fmin,fmax,category
0.1334190000000035,0.1557030000000168,96.46302,337.620575,NaN
0.3403359999999793,0.3562530000000379,97.633133,514.792908,NaN
0.8019199999999955,0.8210199999999759,106.109329,607.717041,NaN
0.8496699999999464,0.8767279999999573,96.46302,482.315094,NaN
