start,end,fmin,fmax,category
0.30262000000000455,0.3542850000000044,NaN,NaN,NaN
0.8637650000000008,0.8881619999999941,NaN,NaN,NaN
0.9814470000000028,1.0115849999999966,NaN,NaN,NaN
1.1048700000000053,1.1321379999999976,NaN,NaN,NaN
1.1493600000000015,1.175192999999993,NaN,NaN,NaN
1.175192999999993,1.2024609999999996,NaN,NaN,NaN
