start,end,fmin,fmax,category
0.21884099999999762,0.2379360000000048,506.25,1500.0,NaN
