start,end,fmin,fmax,category
1.3626670000000018,1.390073000000001,136.807816,351.791534,NaN
1.715530000000001,1.7360850000000028,146.579803,2208.468994,NaN
1.957053000000002,1.9758949999999942,400.651489,2100.977295,NaN
