start,end,fmin,fmax,category
0.8060729999999978,0.8236600000000038,369.230774,1624.615479,NaN
1.1678780000000017,1.1790490000000062,1434.306519,1959.854004,NaN
