start,end,fmin,fmax,category
0.30262000000000455,0.3542850000000044,597.402588,701.298706,s
0.8637650000000008,0.8881619999999941,706.552673,729.344727,s
0.9814470000000028,1.0115849999999966,909.090942,961.03894,s
1.1048700000000053,1.1321379999999976,727.272766,805.194824,s
1.1493600000000015,1.175192999999993,649.350647,649.350647,s
1.175192999999993,1.2024609999999996,1641.025635,1641.025635,s
1.3789840000000027,1.4033819999999935,108.196724,177.049179,s
1.4162979999999976,1.4363910000000004,108.196724,177.049179,s
1.4693989999999957,1.492362,98.360649,206.557388,s
