start,end,fmin,fmax,category
0.9936470000000099,1.0111560000000281,133.136093,488.165649,NaN
1.0843720000000303,1.1034720000000107,231.511246,627.009644,NaN
1.4122559999999567,1.4265810000000556,96.46302,675.24115,NaN
1.5937059999999974,1.6175809999999728,115.51514,603.550293,NaN
