start,end,fmin,fmax,category
0.39963699999998425,0.41850299999998697,227.920227,1937.321899,s
1.5809520000000248,1.631746000000021,74.074074,387.464386,s
1.7275280000000066,1.7768710000000283,85.470085,376.06839,s
