start,end,fmin,fmax,category
0.2765319999999747,0.30040699999995013,115.755623,646.302246,NaN
