start,end,fmin,fmax,category
0.011449999999967986,0.03054999999994834,97.633133,479.289917,NaN
0.3329670000000533,0.3536589999999933,106.109329,627.009644,NaN
0.6131010000000288,0.627426000000014,96.46302,627.009644,NaN
0.6497090000000298,0.6656259999999747,144.694534,617.363342,NaN
1.797301999999945,1.8179939999999988,124.260353,603.550293,NaN
