start,end,fmin,fmax,category
1.8234949999999799,1.8457789999999932,124.260353,647.928955,NaN
