start,end,fmin,fmax,category
1.6183220000000347,1.6517010000000028,541.310547,1948.717896,s
1.6517010000000028,1.6821770000000242,524.216553,1971.509888,s
1.9724260000000413,2.002901999999949,535.612549,1971.509888,s
