start,end,fmin,fmax,category
0.02722900000003392,0.0479209999999739,106.109329,434.083618,NaN
0.09567100000003848,0.11636199999998098,96.46302,646.302246,NaN
