start,end,fmin,fmax,category
1.32516499999997,1.3410820000000285,115.384621,461.538483,NaN
1.3713239999999587,1.3951990000000478,106.508881,576.923096,NaN
1.906123999999977,1.9299989999999525,106.109329,694.533752,NaN
