start,end,fmin,fmax,category
1.682425999999964,1.7015259999999444,646.302246,1929.260376,NaN
