start,end,fmin,fmax,category
0.13127699999995457,0.14719300000001567,621.301758,1606.508911,NaN
0.3286430000000564,0.3477430000000368,106.508881,426.035522,NaN
0.4082270000000108,0.4321019999999862,168.639053,488.165649,NaN
0.6374270000000024,0.6628940000000512,124.260353,568.047363,NaN
1.1881439999999657,1.2056529999999839,115.755623,501.607727,NaN
