start,end,fmin,fmax,category
0.7742399999999634,0.8061679999999569,136.752136,381.766388,s
1.0586849999999686,1.0819050000000061,129.870132,461.03894,s
1.3271660000000338,1.3605440000000044,123.376625,512.987,s
1.453424000000041,1.4824489999999741,142.450134,1732.193726,s
1.7393200000000206,1.7712470000000167,495.726501,1982.906006,s
1.8510659999999461,1.8829930000000559,547.008545,1971.509888,s
1.8829930000000559,1.90911600000004,655.27063,1897.435913,s
1.9178229999999985,1.949750999999992,740.740723,1971.509888,s
