start,end,fmin,fmax,category
1.3735050000000228,1.3878300000000081,559.171631,1757.396362,NaN
1.6997969999999896,1.7204880000000458,154.340836,607.717041,NaN
