start,end,fmin,fmax,category
0.007799999999974716,0.03247199999998429,786.324829,1977.208008,s
0.1384130000000141,0.16598599999997532,729.344727,1971.509888,s
0.16598599999997532,0.1906579999999849,700.854736,1994.302002,s
0.3024040000000241,0.33142899999995734,569.800537,1948.717896,s
0.5302490000000262,0.5578229999999849,564.1026,1977.208008,s
0.7450340000000324,0.7682539999999562,769.230774,1794.871826,s
0.8161450000000059,0.8393650000000434,740.740723,1943.02002,s
0.9902949999999464,1.0164170000000468,1082.621094,1891.737915,s
