start,end,fmin,fmax,category
0.08816400000000613,0.10726399999998648,106.109329,347.266876,NaN
