start,end,fmin,fmax,category
1.140474999999995,1.1563919999999968,649.851624,2581.602295,NaN
1.2757670000000019,1.2900920000000013,320.474792,2902.077148,NaN
