start,end,fmin,fmax,category
0.08364400000000671,0.10947699999999827,NaN,NaN,NaN
0.12095800000000168,0.14966099999999471,NaN,NaN,NaN
0.24725200000000314,0.2716489999999965,NaN,NaN,NaN
0.42951600000000667,0.47113600000000133,NaN,NaN,NaN
1.2863020000000063,1.3121349999999978,NaN,NaN,NaN
1.835965999999999,1.8632340000000056,NaN,NaN,NaN
