start,end,fmin,fmax,category
1.2305450000000064,1.2630589999999984,162.16217,671.814697,NaN
1.9848709999999983,2.0076310000000035,185.328186,683.397644,NaN
