start,end,fmin,fmax,category
1.2845740000000063,1.3051289999999938,156.351791,996.742676,NaN
1.6220210000000037,1.6425760000000054,-1.0,2218.240967,NaN
1.7470639999999946,1.7710450000000009,117.26384,1807.817627,NaN
