start,end,fmin,fmax,category
1.4600269999999966,1.4760140000000064,429.936279,869.426758,NaN
1.4920019999999994,1.5111870000000067,304.615387,913.84613,NaN
