start,end,fmin,fmax,category
0.08364400000000671,0.10947699999999827,-1.0,155.844147,s
0.12095800000000168,0.14966099999999471,387.464386,455.840454,s
0.24725200000000314,0.2716489999999965,638.176636,638.176636,s
0.42951600000000667,0.47113600000000133,311.688293,415.584412,s
1.2863020000000063,1.3121349999999978,410.256409,478.632477,s
1.4513450000000034,1.477177999999995,147.540985,226.229507,s
1.5388889999999975,1.5561110000000014,137.70491,245.901642,s
1.835965999999999,1.8632340000000056,820.512817,820.512817,s
