start,end,fmin,fmax,category
0.38929700000005596,0.4270289999999477,108.262108,319.088318,s
0.5489340000000311,0.5895689999999831,97.402596,383.116882,s
0.8972340000000258,0.932062999999971,102.564102,541.310547,s
1.3006800000000567,1.322449000000006,478.632477,1943.02002,s
1.322449000000006,1.354376000000002,450.142456,1965.812012,s
1.4269389999999476,1.450158999999985,438.74646,1925.926025,s
1.5444899999999961,1.5691610000000082,581.196594,1931.623901,s
1.6489800000000514,1.675102000000038,586.894592,1971.509888,s
1.675102000000038,1.6939680000000408,586.894592,1982.906006,s
