start,end,fmin,fmax,category
0.24834499999997206,0.27591800000004696,552.706543,1931.623901,s
0.4239460000000008,0.45151899999996203,125.356125,740.740723,s
0.47183700000005047,0.4877999999999929,1179.487183,1897.435913,s
0.6300230000000511,0.6619500000000471,136.752136,695.156677,s
0.6619500000000471,0.6909749999999804,91.168091,1304.843262,s
1.937595999999985,1.9637189999999691,131.054138,478.632477,s
