start,end,fmin,fmax,category
0.015600999999946907,0.05478500000003805,79.772079,518.518494,s
0.1679820000000518,0.22167799999999716,85.470085,404.55838,s
0.8776420000000371,0.900861999999961,581.196594,1977.208008,s
0.900861999999961,0.9313379999999825,404.55838,1965.812012,s
0.9313379999999825,0.9560089999999946,364.672363,1965.812012,s
1.1388660000000073,1.1606349999999566,678.062683,1954.415894,s
1.253514999999993,1.2781860000000052,575.498596,2000.0,s
1.2781860000000052,1.2985029999999824,769.230774,1954.415894,s
1.88770999999997,1.9225400000000263,170.94017,706.552673,s
