start,end,fmin,fmax,category
1.774330999999961,1.8019050000000334,113.960114,410.256409,s
1.931065999999987,1.967347000000018,97.402596,467.532471,s
