start,end,fmin,fmax,category
0.3417689999999993,0.38530600000001414,85.470085,518.518494,s
0.8061679999999569,0.8395460000000412,455.840454,1937.321899,s
0.8395460000000412,0.8743759999999838,467.23645,1931.623901,s
1.1225399999999581,1.150113000000033,455.840454,1982.906006,s
1.2734689999999773,1.3068479999999454,621.082581,1988.604004,s
1.3068479999999454,1.3373239999999669,746.438721,1977.208008,s
1.4185939999999846,1.449070000000006,541.310547,1977.208008,s
1.9657140000000481,1.9874829999999974,826.210815,1692.307739,s
