start,end,fmin,fmax,category
0.08181400000000849,0.10503400000004603,393.162415,1760.683716,s
0.10503400000004603,0.1282539999999699,1116.809082,1920.227905,s
0.9453059999999596,0.9685259999999971,467.23645,1111.111206,s
1.6346489999999676,1.6694780000000264,159.544159,740.740723,s
