start,end,fmin,fmax,category
0.019047999999997955,0.043719000000010055,792.022766,1988.604004,s
