start,end,fmin,fmax,category
1.9020189999999957,1.9195279999999997,783.382751,2047.477661,NaN
