start,end,fmin,fmax,category
0.061284999999998035,0.0942929999999933,NaN,NaN,NaN
1.853791000000001,1.8738830000000064,NaN,NaN,NaN
