start,end,fmin,fmax,category
-0.015129000000001724,0.007631000000003496,185.328186,683.397644,NaN
0.5489900000000034,0.5782520000000062,289.575287,683.397644,NaN
