start,end,fmin,fmax,category
0.5110310000000027,0.5298729999999949,107.491859,2374.593018,NaN
0.9992160000000041,1.0112060000000014,244.299667,1700.325806,NaN
1.7991540000000015,1.8197090000000031,156.351791,596.091248,NaN
