start,end,fmin,fmax,category
0.905311999999995,0.9197010000000034,775.384583,1744.615356,NaN
1.4281090000000063,1.4408990000000017,783.439453,1815.286743,NaN
