start,end,fmin,fmax,category
0.061284999999998035,0.0942929999999933,649.350647,649.350647,s
1.853791000000001,1.8738830000000064,547.008545,592.59259,s
