start,end,fmin,fmax,category
1.8381859999999506,1.864308000000051,273.504272,826.210815,s
