start,end,fmin,fmax,category
0.808889000000022,0.84226799999999,153.846161,877.49292,s
0.8698409999999512,0.903220000000033,142.450134,860.398865,s
0.9322449999999662,0.9583669999999529,393.162415,1977.208008,s
1.2486169999999674,1.271837000000005,837.606873,1749.28772,s
1.6825400000000172,1.708662000000004,1002.848999,1920.227905,s
1.7391380000000254,1.7652610000000095,1054.130981,1880.341919,s
1.8552379999999857,1.8784580000000233,353.276337,1076.923096,s
1.9989120000000185,2.017778000000021,991.453003,1811.96582,s
