start,end,fmin,fmax,category
-0.0010879999999815482,0.017778000000021166,991.453003,1811.96582,s
1.0510659999999916,1.0742860000000292,188.034195,615.384644,s
1.5024039999999559,1.5285260000000562,193.732193,860.398865,s
