start,end,fmin,fmax,category
0.3484809999999925,0.39056700000003275,79.772079,1669.515747,s
1.1568250000000262,1.1873020000000452,79.772079,1612.535645,s
1.970974999999953,1.9883899999999812,125.356125,1840.455933,s
