start,end,fmin,fmax,category
0.65596400000004,0.6777319999999918,968.66095,1720.797729,s
1.3438549999999623,1.3670749999999998,96.866096,769.230774,s
1.7168249999999716,1.7414969999999812,108.262108,1743.589722,s
