start,end,fmin,fmax,category
0.41487500000005184,0.4438999999999851,102.564102,1054.130981,s
1.4946029999999837,1.522177000000056,216.524216,1800.569824,s
