start,end,fmin,fmax,category
1.0564490000000006,1.089456999999996,NaN,NaN,NaN
