start,end,fmin,fmax,category
0.5892460000000028,0.6055029999999988,162.16217,613.899597,NaN
0.8737440000000021,0.9160130000000066,127.413132,532.818542,NaN
1.9645909999999986,1.9857250000000022,127.413132,799.227844,NaN
