start,end,fmin,fmax,category
1.0492579999999947,1.065246000000002,553.846191,2196.923096,NaN
1.173962000000003,1.1883509999999973,391.719727,2292.993652,NaN
1.1963449999999938,1.2123320000000035,156.92308,2621.538574,NaN
