start,end,fmin,fmax,category
0.3216500000000053,0.3489179999999976,-1.0,265.573761,s
0.4795170000000013,0.49386900000000367,-1.0,127.868851,s
0.5885889999999989,0.6129860000000065,-1.0,157.377045,s
1.0564490000000006,1.089456999999996,524.216553,524.216553,s
1.3377380000000016,1.3492200000000025,118.032784,186.885254,s
1.3721819999999951,1.3850989999999967,118.032784,186.885254,s
1.419542000000007,1.4410689999999988,-1.0,167.21312,s
1.4597260000000034,1.4841239999999942,-1.0,167.21312,s
1.5487059999999957,1.5659279999999995,108.196724,206.557388,s
