start,end,fmin,fmax,category
0.18793700000003355,0.20535099999995055,313.39032,1128.2052,s
0.5275279999999611,0.5580049999999801,108.262108,427.350433,s
0.6566890000000285,0.6784579999999778,176.638168,1065.5271,s
