start,end,fmin,fmax,category
1.9435829999999896,1.9697049999999763,1447.293457,1937.321899,s
