start,end,fmin,fmax,category
0.06839000000002216,0.08725600000002487,324.786346,883.190857,s
0.113379000000009,0.13224500000001171,780.62677,1709.401733,s
0.31945599999994556,0.3455780000000459,826.210815,1675.213745,s
0.6517910000000029,0.677913999999987,239.316238,1874.643921,s
