start,end,fmin,fmax,category
0.3787760000000162,0.40054399999996804,433.048431,1122.50708,s
0.5543760000000475,0.5775959999999714,324.786346,1111.111206,s
0.7807709999999588,0.8475280000000112,284.900269,592.59259,m
