start,end,fmin,fmax,category
0.26975100000004204,0.29732400000000325,182.336182,1937.321899,s
0.42793700000004264,0.45260800000005474,940.170959,1937.321899,s
1.210158999999976,1.2406349999999975,216.524216,1076.923096,s
1.2769160000000284,1.3015870000000405,176.638168,1065.5271,s
1.6411789999999655,1.661497000000054,110.38961,1935.064941,s
