start,end,fmin,fmax,category
1.253514999999993,1.2709300000000212,256.410278,1652.421631,s
1.4015419999999494,1.4262129999999615,256.410278,883.190857,s
1.6047170000000506,1.629387999999949,119.658119,319.088318,s
1.7890250000000378,1.822404000000006,102.564102,313.39032,s
1.9849430000000439,2.0197729999999865,91.168091,307.692322,s
