start,end,fmin,fmax,category
-0.015056999999956133,0.019772999999986496,91.168091,307.692322,s
0.22730200000000877,0.26358300000003965,968.66095,1732.193726,s
1.1488440000000537,1.1735149999999521,91.168091,951.566956,s
1.439092999999957,1.459410000000048,113.960114,421.652435,s
1.6843539999999848,1.7104759999999715,410.256409,991.453003,s
