start,end,fmin,fmax,category
1.3065969999999965,1.3241060000000004,729.970337,1905.044556,NaN
