start,end,fmin,fmax,category
0.33362499999999784,0.3612619999999964,127.413132,567.567566,NaN
0.6782740000000018,0.6994080000000054,162.16217,532.818542,NaN
1.6146789999999953,1.6358129999999989,162.16217,532.818542,NaN
