start,end,fmin,fmax,category
0.35974500000000376,0.3867970000000014,112.500008,731.25,NaN
