start,end,fmin,fmax,category
0.9783510000000035,0.9937680000000029,214.983719,1749.185669,NaN
1.3723250000000036,1.3877410000000054,185.667755,1543.973877,NaN
1.8622230000000002,1.8793519999999972,97.719872,302.93158,NaN
