start,end,fmin,fmax,category
0.3458580000000069,0.3602470000000011,886.15387,1698.461426,NaN
