start,end,fmin,fmax,category
0.09360500000002503,0.1182770000000346,91.168091,1726.495728,s
1.8510659999999461,1.8771880000000465,125.356125,1566.951538,s
1.9990930000000162,2.0295690000000377,91.168091,1561.25354,s
