start,end,fmin,fmax,category
-0.0009069999999837819,0.029569000000037704,91.168091,1561.25354,s
0.22984099999996488,0.26322000000004664,290.598297,1008.547058,s
0.31256199999995715,0.3372339999999667,79.772079,1754.98584,s
1.067211000000043,1.1122000000000298,79.772079,1777.777832,s
