start,end,fmin,fmax,category
1.580771000000027,1.6097959999999603,102.564102,410.256409,s
