start,end,fmin,fmax,category
0.09306100000003426,0.10757399999999961,125.356125,1754.98584,s
0.28752799999995204,0.30929700000001503,1076.923096,1754.98584,s
0.8767350000000533,0.895601000000056,945.868958,1680.911621,s
