start,end,fmin,fmax,category
0.2946030000000519,0.3192739999999503,148.148148,1509.971558,s
1.2640360000000328,1.285804999999982,324.786346,934.4729,s
1.3032200000000103,1.3264400000000478,108.262108,438.74646,s
1.4672110000000202,1.4889799999999696,153.846161,1048.433105,s
1.4889799999999696,1.5209069999999656,113.960114,341.880341,s
1.6442630000000236,1.6732879999999568,74.074074,307.692322,s
1.9620859999999993,1.9853060000000369,267.806274,877.49292,s
