start,end,fmin,fmax,category
1.104035999999951,1.1316100000000233,444.444458,769.230774,s
1.2172339999999622,1.2375510000000531,74.074074,387.464386,s
1.2738319999999703,1.2970520000000079,301.994293,484.330475,s
1.424761999999987,1.453787000000034,91.168091,444.444458,s
1.6235830000000533,1.675828000000024,108.262108,569.800537,s
1.7280729999999949,1.7658050000000003,91.168091,1538.461548,s
1.8151470000000245,1.8644900000000462,68.376068,1544.159546,s
