start,end,fmin,fmax,category
0.23455799999999272,0.2563270000000557,239.316238,1874.643921,s
0.2679369999999608,0.2926079999999729,980.057007,1988.604004,s
0.4638549999999668,0.4856240000000298,74.074074,1566.951538,s
0.7961900000000242,0.8150570000000243,404.55838,1948.717896,s
0.8150570000000243,0.8339230000000271,119.658119,900.284912,s
