start,end,fmin,fmax,category
0.041179000000056476,0.06439899999998033,250.71225,1908.831909,s
0.1282539999999699,0.1471199999999726,387.464386,1743.589722,s
0.27192700000000514,0.2951470000000427,210.826218,1863.247925,s
1.991655000000037,2.022132000000056,142.450134,518.518494,s
