start,end,fmin,fmax,category
0.33163199999999904,0.34914000000000556,258.160248,694.362,NaN
