start,end,fmin,fmax,category
0.030084999999999695,0.053047000000006506,NaN,NaN,NaN
0.060222999999993476,0.09179699999999968,NaN,NaN,NaN
0.2109140000000025,0.2496629999999982,NaN,NaN,NaN
0.2955879999999951,0.3386430000000047,NaN,NaN,NaN
0.4075299999999942,0.4462790000000041,NaN,NaN,NaN
0.5697020000000066,0.5984049999999996,NaN,NaN,NaN
0.6615520000000004,0.703171999999995,NaN,NaN,NaN
1.3532960000000003,1.383433999999994,NaN,NaN,NaN
1.9646709999999956,2.0034200000000055,NaN,NaN,NaN
