start,end,fmin,fmax,category
1.757823000000002,1.7839460000000003,1577.142822,1577.142822,s
