start,end,fmin,fmax,category
0.0975130000000064,0.11864699999999573,173.745178,486.48645,NaN
0.7055249999999944,0.7250339999999937,208.494202,671.814697,NaN
1.0225369999999998,1.0469230000000067,138.99614,579.150574,NaN
