start,end,fmin,fmax,category
1.9209929999999957,1.940088000000003,150.0,853.125061,NaN
