start,end,fmin,fmax,category
0.4017960000000045,0.4292030000000011,117.26384,2091.205078,NaN
1.1040969999999959,1.126365000000007,146.579803,459.283356,NaN
