start,end,fmin,fmax,category
0.42585400000000107,0.4418419999999941,166.153839,923.076965,NaN
1.9816380000000038,1.9944050000000004,306.569336,2014.598633,NaN
