start,end,fmin,fmax,category
0.030084999999999695,0.053047000000006506,909.090942,935.064941,s
0.060222999999993476,0.09179699999999968,805.194824,857.142883,s
0.2109140000000025,0.2496629999999982,980.057007,1185.185181,s
0.2955879999999951,0.3386430000000047,1025.641113,1094.01709,s
0.4075299999999942,0.4462790000000041,569.800537,638.176636,s
0.5697020000000066,0.5984049999999996,820.512817,820.512817,s
0.6615520000000004,0.703171999999995,660.968689,660.968689,s
1.3532960000000003,1.383433999999994,706.552673,729.344727,s
1.9646709999999956,2.0034200000000055,493.5065,519.48053,s
