start,end,fmin,fmax,category
-0.008344999999962965,0.022132000000055996,142.450134,518.518494,s
0.12081599999999071,0.15129300000000967,148.148148,564.1026,s
0.22385499999995773,0.24997699999994438,131.054138,581.196594,s
0.24997699999994438,0.28045399999996334,96.866096,427.350433,s
1.527074999999968,1.5473919999999453,1065.5271,1886.039795,s
1.6039909999999509,1.6272109999999884,1219.373169,1925.926025,s
1.7839460000000145,1.814422000000036,85.470085,1669.515747,s
1.8956920000000537,1.916009000000031,849.002808,1982.906006,s
