start,end,fmin,fmax,category
0.32235800000000836,0.34702900000002046,529.914551,1726.495728,s
0.53569200000004,0.5632650000000012,923.076904,1692.307739,s
1.9767799999999625,1.9956459999999652,159.544159,894.586914,s
