start,end,fmin,fmax,category
0.3773240000000442,0.407799999999952,484.330475,1931.623901,s
0.7212700000000041,0.7430389999999534,256.410278,883.190857,s
