start,end,fmin,fmax,category
0.481632999999988,0.49904800000001615,814.814819,1641.025635,s
0.7152829999999994,0.738503000000037,712.250732,1692.307739,s
1.4496149999999943,1.4699319999999716,1190.883179,1760.683716,s
1.8777320000000373,1.9038550000000214,284.900269,1726.495728,s
