start,end,fmin,fmax,category
0.37532899999996516,0.40580499999998665,125.356125,535.612549,s
0.42176900000004025,0.45514700000001085,91.168091,575.498596,s
0.4783670000000484,0.5059410000000071,85.470085,1954.415894,s
0.5059410000000071,0.5320629999999937,108.262108,364.672363,s
0.6539679999999635,0.6917009999999664,-1.0,1817.663818,s
0.8673019999999951,0.8977780000000166,-1.0,1982.906006,s
1.1183670000000347,1.1444900000000189,131.054138,1982.906006,s
