start,end,fmin,fmax,category
0.5070289999999886,0.5418590000000449,85.470085,421.652435,s
0.6797279999999546,0.71745999999996,85.470085,1914.529907,s
0.779863999999975,0.8277550000000247,91.168091,1789.173828,s
1.0425400000000309,1.0860770000000457,62.678062,1920.227905,s
1.414058999999952,1.475010999999995,79.772079,1903.133911,s
