start,end,fmin,fmax,category
0.34509199999999396,0.3578250000000054,916.91394,2145.400635,NaN
