start,end,fmin,fmax,category
0.18739200000000267,0.22222200000000214,137.142853,1120.0,s
0.8027210000000053,0.8375510000000048,582.857117,1937.142822,s
1.0407260000000065,1.0784579999999977,388.571442,1902.857178,s
