start,end,fmin,fmax,category
0.42226700000000505,0.4417760000000044,127.413132,694.980713,NaN
1.2530009999999976,1.2822639999999978,162.16217,532.818542,NaN
1.9829419999999942,2.002449999999996,196.911194,776.061768,NaN
