start,end,fmin,fmax,category
0.5720769999999931,0.584068000000002,224.755707,1768.729614,NaN
0.8752659999999963,0.8906819999999982,214.983719,1690.553833,NaN
1.455949000000004,1.4696519999999964,424.52829,1650.943481,NaN
1.6580749999999966,1.6717780000000033,292.45282,1490.56604,NaN
1.7026110000000045,1.716313999999997,273.5849,1556.60376,NaN
1.796822000000006,1.8293680000000023,146.579803,2335.504883,NaN
