start,end,fmin,fmax,category
-0.035329000000004385,0.0034200000000055297,493.5065,519.48053,s
0.03212299999999857,0.06656700000000626,441.558441,441.558441,s
0.18568399999999485,0.21008199999999988,545.45459,545.45459,s
