start,end,fmin,fmax,category
0.7232060000000002,0.7407149999999998,1646.884155,1646.884155,NaN
0.848948,0.864865,1935.483765,1935.483765,NaN
1.6161320000000003,1.6320490000000003,1798.219604,1798.219604,NaN
