start,end,fmin,fmax,category
0.13621399999999984,0.156536,196.911194,822.393799,NaN
0.9718260000000001,0.993773,150.579147,903.474915,NaN
1.8984759999999996,1.9171719999999999,185.328186,660.231628,NaN
