start,end,fmin,fmax,category
1.1829640000000001,1.205241,112.500008,881.249939,NaN
