start,end,fmin,fmax,category
1.7304979999999999,1.743265,996.350342,1729.927002,NaN
