start,end,fmin,fmax,category
0.465306,0.4870749999999999,155.844162,1227.272705,s
1.4710200000000002,1.4913379999999998,116.883118,974.02594,s
1.5537409999999996,1.569705,175.324677,964.285706,s
1.643719,1.674195,155.844162,720.779236,s
