start,end,fmin,fmax,category
0.6328820000000004,0.6582470000000002,118.032784,600.0,s
1.4984539999999997,1.522234,127.868851,472.131134,s
1.840878,1.8678280000000003,118.032784,452.459015,s
1.967702,1.993067,137.70491,304.91803,s
