start,end,fmin,fmax,category
0.40785800000000005,0.4254439999999997,330.357147,642.857178,s
0.7388019999999997,0.7595859999999997,357.142853,651.785706,s
0.9194630000000004,0.941846,401.785706,651.785706,s
