start,end,fmin,fmax,category
0.9855590000000003,1.001468,356.707306,932.926819,s
1.3928250000000002,1.4150970000000003,128.048782,246.951233,s
1.7603179999999998,1.7921360000000002,100.609764,905.487854,s
