start,end,fmin,fmax,category
-0.014511999999967884,0.002901999999949112,507.122528,1931.623901,s
0.12190499999996973,0.14367300000003524,319.088318,1982.906006,s
0.14367300000003524,0.17560100000002876,467.23645,1965.812012,s
0.226395000000025,0.25251700000001165,495.726501,1988.604004,s
0.31492100000002665,0.3468480000000227,108.262108,495.726501,s
0.5340589999999565,0.5761449999999968,-1.0,849.002808,s
0.6603169999999636,0.6893420000000106,170.94017,928.774963,s
