start,end,fmin,fmax,category
0.20317499999998745,0.2292969999999741,507.122528,1743.589722,s
0.5006799999999885,0.523900000000026,962.963013,1920.227905,s
0.9186389999999847,0.9462129999999433,102.564102,296.296295,s
0.9578229999999621,0.9912020000000439,96.866096,444.444458,s
1.034738999999945,1.089886999999976,85.470085,609.686584,s
1.3061219999999594,1.3714290000000346,74.074074,1829.059814,s
1.5717009999999618,1.6355559999999514,-1.0,1954.415894,s
