start,end,fmin,fmax,category
1.058886000000001,1.0732110000000006,836.795227,1994.065186,NaN
1.232377999999997,1.245112000000006,890.207764,1967.359009,NaN
