start,end,fmin,fmax,category
-0.01705800000000579,0.0024499999999960664,196.911194,776.061768,NaN
0.7177590000000009,0.7372680000000003,162.16217,602.316589,NaN
1.3371520000000032,1.3501579999999933,764.47876,2478.764648,NaN
1.4915940000000063,1.5143539999999973,115.830109,498.069489,NaN
