start,end,fmin,fmax,category
0.024642000000000053,0.0469099999999969,103.773582,518.86792,NaN
0.24218399999999463,0.2610260000000011,150.94339,424.52829,NaN
1.3812819999999988,1.3984109999999959,537.73584,1679.245239,NaN
1.5474360000000047,1.5611389999999972,754.717041,1622.641479,NaN
