start,end,fmin,fmax,category
0.3531329999999997,0.37068800000000124,-1.0,1094.890503,NaN
1.7319829999999996,1.7463460000000026,624.087585,1970.802979,NaN
