start,end,fmin,fmax,category
0.6670629999999989,0.6943310000000054,478.632477,524.216553,s
