start,end,fmin,fmax,category
0.022857000000044536,0.047528000000056636,1111.111206,1925.926025,s
0.8137870000000476,0.860227000000009,-1.0,581.196594,s
0.8877999999999702,0.9371429999999918,-1.0,1931.623901,s
0.9719730000000482,1.0169610000000375,-1.0,1874.643921,s
1.0430840000000217,1.0692060000000083,923.076904,1954.415894,s
1.0692060000000083,1.1098409999999603,-1.0,1851.851807,s
1.1461219999999912,1.2070750000000317,-1.0,1903.133911,s
1.511837000000014,1.5611790000000383,-1.0,1954.415894,s
1.8383669999999483,1.9022220000000516,-1.0,1954.415894,s
