start,end,fmin,fmax,category
0.029751000000032946,0.05877599999996619,165.242172,1703.703735,s
0.2967800000000125,0.3504759999999578,-1.0,1948.717896,s
1.0340139999999565,1.0746490000000222,-1.0,757.834717,s
1.1283449999999675,1.1776869999999917,-1.0,759.740234,s
1.2633110000000443,1.3082990000000336,-1.0,714.285706,s
1.5796830000000455,1.6391840000000002,-1.0,909.090942,s
1.878639000000021,1.9381409999999732,-1.0,1891.737915,s
