start,end,fmin,fmax,category
0.24108799999999064,0.3020410000000311,-1.0,1943.02002,s
