start,end,fmin,fmax,category
1.6861679999999524,3.0793650000000525,-1.0,1948.717896,a
