start,end,fmin,fmax,category
-0.31383200000004763,1.0793650000000525,-1.0,1948.717896,a
1.5669840000000477,2.2171429999999646,-1.0,1943.02002,a
