start,end,fmin,fmax,category
-0.43301599999995233,0.21714299999996456,-1.0,1943.02002,a
0.6583219999999983,0.8673019999999951,-1.0,1928.571411,a
1.0878910000000133,1.1981859999999642,-1.0,1886.039795,a
1.726440000000025,1.8193199999999479,-1.0,1561.25354,a
