start,end,fmin,fmax,category
1.7710890000000035,1.785414000000003,756.676575,1851.63208,NaN
1.818838999999997,1.8331639999999965,687.096802,2012.90332,NaN
