start,end,fmin,fmax,category
1.0221489999999989,1.072378999999998,NaN,NaN,NaN
1.0781199999999984,1.1312209999999965,NaN,NaN,NaN
1.2733010000000036,1.3192260000000005,NaN,NaN,NaN
1.3637149999999991,1.3866780000000034,NaN,NaN,NaN
1.3866780000000034,1.4168159999999972,NaN,NaN,NaN
1.4584349999999944,1.4785279999999972,NaN,NaN,NaN
1.4885739999999998,1.5072310000000044,NaN,NaN,NaN
1.5258879999999948,1.560331000000005,NaN,NaN,NaN
