start,end,fmin,fmax,category
1.571518999999995,1.5918369999999982,325.714294,1902.857178,s
