start,end,fmin,fmax,category
0.054086999999995555,0.08172399999999413,115.830109,498.069489,NaN
0.707618999999994,0.7287529999999975,185.328186,590.733582,NaN
0.9726090000000056,0.9921169999999933,208.494202,671.814697,NaN
1.427806000000004,1.445688000000004,162.16217,625.482605,NaN
