start,end,fmin,fmax,category
1.0910080000000022,1.1116949999999974,121.874992,1321.875,NaN
