start,end,fmin,fmax,category
1.4316579999999988,1.453926999999993,169.811325,745.28302,NaN
