start,end,fmin,fmax,category
1.9007990000000063,1.9167580000000015,131.386856,1029.197021,NaN
