start,end,fmin,fmax,category
1.0221489999999989,1.072378999999998,341.880341,433.048431,s
1.0781199999999984,1.1312209999999965,501.4245,592.59259,s
1.2733010000000036,1.3192260000000005,455.840454,478.632477,s
1.3637149999999991,1.3866780000000034,415.584412,493.5065,s
1.3866780000000034,1.4168159999999972,1458.689453,1527.065552,s
1.4584349999999944,1.4785279999999972,1162.393188,1185.185181,s
1.4885739999999998,1.5072310000000044,1299.145386,1321.937378,s
1.5258879999999948,1.560331000000005,1321.937378,1435.897461,s
