start,end,fmin,fmax,category
0.2721090000000004,0.4868930000000091,-1.0,1737.891846,a
1.1370520000000397,1.2879820000000564,-1.0,1931.623901,a
