start,end,fmin,fmax,category
1.2326530000000275,1.5925620000000436,-1.0,1937.321899,a
