start,end,fmin,fmax,category
0.4807260000000042,0.8174149999999827,-1.0,1863.247925,a
