start,end,fmin,fmax,category
0.1889280000000042,0.21906599999999798,NaN,NaN,NaN
0.2764719999999983,0.32239699999999516,NaN,NaN,NaN
1.044279000000003,1.0916390000000007,NaN,NaN,NaN
1.1461749999999995,1.164832000000004,NaN,NaN,NaN
1.6499139999999954,1.6857920000000064,NaN,NaN,NaN
1.8666220000000067,1.9168520000000058,NaN,NaN,NaN
