start,end,fmin,fmax,category
0.4480729999999937,0.4829019999999957,108.571426,925.714294,s
0.9995459999999952,1.0227660000000043,320.0,1760.0,s
