start,end,fmin,fmax,category
0.9527149999999978,0.9689719999999937,208.494202,451.737457,NaN
1.204699000000005,1.2274579999999986,150.579147,683.397644,NaN
1.3558890000000048,1.3770229999999941,127.413132,544.40155,NaN
1.6387610000000024,1.656644,173.745178,486.48645,NaN
1.8988740000000064,1.928135999999995,150.579147,416.988403,NaN
