start,end,fmin,fmax,category
0.752326999999994,0.7643180000000029,396.22641,1632.075562,NaN
1.8314730000000026,1.845175999999995,358.49057,1594.3396,NaN
