start,end,fmin,fmax,category
1.9132180000000005,1.9275810000000035,810.218994,2102.189697,NaN
