start,end,fmin,fmax,category
0.1889280000000042,0.21906599999999798,752.13678,774.928772,s
0.2764719999999983,0.32239699999999516,-1.0,233.766235,s
1.044279000000003,1.0916390000000007,820.512817,820.512817,s
1.1461749999999995,1.164832000000004,660.968689,660.968689,s
1.6499139999999954,1.6857920000000064,569.800537,615.384644,s
1.8666220000000067,1.9168520000000058,675.324707,727.272766,s
