start,end,fmin,fmax,category
0.7252249999999947,0.7395499999999942,685.4599,2483.679688,NaN
