start,end,fmin,fmax,category
0.203881999999993,0.2426320000000004,NaN,NaN,NaN
0.6272529999999961,0.6473450000000014,NaN,NaN,NaN
0.9946520000000021,1.0219199999999944,NaN,NaN,NaN
1.1510829999999999,1.1769160000000056,NaN,NaN,NaN
1.3261719999999997,1.3878830000000022,NaN,NaN,NaN
1.5170470000000051,1.5428799999999967,NaN,NaN,NaN
