start,end,fmin,fmax,category
0.1779590000000013,0.20408199999999965,257.142883,1794.285645,s
0.526258999999996,0.5552830000000029,217.142853,1805.714233,s
1.010975000000002,1.0487069999999932,234.285706,1942.857178,s
1.6292059999999964,1.6698410000000052,268.571442,1965.714355,s
