start,end,fmin,fmax,category
0.5036350000000027,0.5247690000000063,162.16217,544.40155,NaN
0.9295690000000008,0.9507030000000043,220.077209,579.150574,NaN
1.5392070000000047,1.5603420000000057,220.077209,544.40155,NaN
1.6481299999999948,1.6741410000000059,220.077209,637.065613,NaN
