start,end,fmin,fmax,category
1.6420219999999972,1.6579339999999974,150.0,1031.25,NaN
1.8854850000000027,1.8982149999999933,174.757278,1126.213623,NaN
