start,end,fmin,fmax,category
0.46183100000000366,0.47724700000000553,94.33963,235.84906,NaN
0.9311739999999986,0.9500160000000051,141.50943,764.151001,NaN
