start,end,fmin,fmax,category
0.9696990000000056,0.9792740000000038,240.875916,952.554688,NaN
1.0782190000000043,1.0893899999999945,470.802917,810.218994,NaN
1.1133289999999931,1.1292880000000025,120.437958,700.729919,NaN
1.2441919999999982,1.2537669999999963,350.36496,919.708008,NaN
1.6463569999999947,1.6639109999999988,229.927002,1062.043823,NaN
1.7277469999999937,1.743706000000003,1631.386963,2222.627686,NaN
