start,end,fmin,fmax,category
0.203881999999993,0.2426320000000004,455.840454,455.840454,s
0.6272529999999961,0.6473450000000014,957.264954,957.264954,s
0.9946520000000021,1.0219199999999944,649.350647,727.272766,s
1.1510829999999999,1.1769160000000056,888.888916,934.4729,s
1.3261719999999997,1.3878830000000022,478.632477,592.59259,s
1.5170470000000051,1.5428799999999967,774.928772,797.720764,s
