start,end,fmin,fmax,category
0.25041000000000224,0.283418999999995,NaN,NaN,NaN
0.5101729999999947,0.5317000000000007,NaN,NaN,NaN
1.767366999999993,1.8003750000000025,NaN,NaN,NaN
1.8950949999999978,1.9223630000000043,NaN,NaN,NaN
1.9783340000000038,2.007036999999997,NaN,NaN,NaN
