start,end,fmin,fmax,category
0.07328800000000513,0.10521500000000117,262.857147,1880.0,s
0.6770070000000032,0.7060319999999933,85.714287,880.0,s
0.7379590000000036,0.7756920000000065,120.0,714.285706,s
1.0107940000000042,1.0485259999999954,262.857147,845.714294,s
