start,end,fmin,fmax,category
0.7601099999999974,0.7861209999999943,196.911194,718.146729,NaN
0.8365179999999981,0.8576520000000016,127.413132,602.316589,NaN
1.7615430000000032,1.781051000000005,127.413132,648.648682,NaN
