start,end,fmin,fmax,category
1.0055310000000048,1.0209480000000042,367.92453,1518.86792,NaN
1.0380770000000012,1.0517799999999937,801.88678,1632.075562,NaN
1.2299249999999944,1.2453409999999963,330.18866,1528.302002,NaN
