start,end,fmin,fmax,category
0.25041000000000224,0.283418999999995,752.13678,774.928772,s
0.5101729999999947,0.5317000000000007,683.760681,683.760681,s
1.767366999999993,1.8003750000000025,296.296295,341.880341,s
1.8950949999999978,1.9223630000000043,364.672363,387.464386,s
1.9783340000000038,2.007036999999997,-1.0,233.766235,s
