start,end,fmin,fmax,category
0.08523700000000645,0.10274499999999875,596.439148,2350.148438,NaN
0.6295870000000008,0.6486869999999954,880.645142,2448.387207,NaN
