start,end,fmin,fmax,category
-0.02166599999999619,0.007036999999996851,NaN,NaN,NaN
0.16920899999999506,0.19647700000000157,NaN,NaN,NaN
0.24957799999999963,0.2940679999999958,NaN,NaN,NaN
1.3359889999999979,1.3517750000000035,NaN,NaN,NaN
1.4579769999999996,1.4938549999999964,NaN,NaN,NaN
1.6101029999999952,1.6388060000000024,NaN,NaN,NaN
1.661767999999995,1.6890360000000015,NaN,NaN,NaN
1.8296809999999937,1.8727360000000033,NaN,NaN,NaN
