start,end,fmin,fmax,category
0.46204099999999926,0.48526099999999417,634.285706,1817.142822,s
0.5665309999999977,0.5984579999999937,302.857117,1542.857178,s
0.6855330000000066,0.7203630000000061,400.0,800.0,s
1.8958729999999946,1.910385000000005,748.571472,1937.142822,s
