start,end,fmin,fmax,category
0.2151139999999998,0.24437700000000007,196.911194,498.069489,NaN
0.3955669999999998,0.42483000000000004,196.911194,706.563721,NaN
1.115752999999998,1.1352619999999973,162.16217,683.397644,NaN
