start,end,fmin,fmax,category
0.04527899999999363,0.07097299999999507,103.773582,500.0,NaN
1.4070580000000064,1.4207619999999963,113.20755,1433.96228,NaN
1.6708500000000015,1.6862660000000034,216.98114,1650.943481,NaN
