start,end,fmin,fmax,category
-0.02166599999999619,0.007036999999996851,-1.0,233.766235,s
0.16920899999999506,0.19647700000000157,207.792206,285.714294,s
0.24957799999999963,0.2940679999999958,207.792206,259.740265,s
1.3359889999999979,1.3517750000000035,501.4245,547.008545,s
1.4579769999999996,1.4938549999999964,364.672363,433.048431,s
1.6101029999999952,1.6388060000000024,389.610382,389.610382,s
1.661767999999995,1.6890360000000015,-1.0,207.792206,s
1.8296809999999937,1.8727360000000033,597.402588,675.324707,s
