start,end,fmin,fmax,category
0.27319699999999614,0.30222200000000043,285.714294,1868.571411,s
