start,end,fmin,fmax,category
0.44070100000000423,0.46183499999999356,138.99614,671.814697,NaN
1.490904999999998,1.5039100000000047,185.328186,671.814697,NaN
