start,end,fmin,fmax,category
0.43652899999999306,0.4570839999999947,122.641518,320.7547,NaN
0.8921679999999981,0.9092980000000068,122.641518,1273.584961,NaN
