start,end,fmin,fmax,category
1.8096890000000059,1.825648000000001,514.598511,1007.299316,NaN
1.8495860000000022,1.8703330000000022,536.496338,645.985413,NaN
1.9070389999999975,1.918210000000002,306.569336,821.167847,NaN
1.9405519999999967,1.9597030000000046,503.649658,755.474487,NaN
