start,end,fmin,fmax,category
0.22675700000000631,0.23789899999999875,890.207764,2172.106934,NaN
0.33499100000000226,0.35249899999999457,764.516113,2041.935547,NaN
1.1308250000000015,1.1578829999999982,151.335312,507.418365,NaN
1.2406500000000023,1.256567000000004,106.451614,580.645142,NaN
