start,end,fmin,fmax,category
0.057038000000005695,0.08000099999999577,NaN,NaN,NaN
0.5607770000000016,0.6067019999999985,NaN,NaN,NaN
0.677024000000003,0.7100329999999957,NaN,NaN,NaN
1.1865030000000019,1.230992999999998,NaN,NaN,NaN
1.6500580000000014,1.6873719999999963,NaN,NaN,NaN
