start,end,fmin,fmax,category
0.6097050000000053,0.6329250000000002,188.571426,1828.571411,s
1.0886169999999993,1.1205439999999953,137.142853,1708.571411,s
1.921633,1.9564629999999994,154.285721,1051.428589,s
