start,end,fmin,fmax,category
0.5866280000000046,0.6110139999999973,208.494202,683.397644,NaN
1.4888930000000045,1.5067760000000021,266.409271,2015.444092,NaN
