start,end,fmin,fmax,category
1.4312570000000022,1.4471690000000024,178.125,1359.375,NaN
