start,end,fmin,fmax,category
0.14603300000000274,0.164874999999995,632.0755,1726.415039,NaN
0.3190390000000036,0.3327419999999961,698.11322,1650.943481,NaN
0.44750799999999913,0.469775999999996,94.33963,235.84906,NaN
0.6907439999999951,0.7061609999999945,179.245285,1462.26416,NaN
1.4564239999999984,1.4804050000000046,141.50943,811.32074,NaN
