start,end,fmin,fmax,category
0.2868610000000018,0.30601099999999803,295.620453,886.861328,NaN
