start,end,fmin,fmax,category
0.057038000000005695,0.08000099999999577,644.951172,674.26709,s
0.5607770000000016,0.6067019999999985,282.857147,351.428558,s
0.677024000000003,0.7100329999999957,273.615631,302.93158,s
1.1865030000000019,1.230992999999998,342.857147,360.0,s
1.6500580000000014,1.6873719999999963,-1.0,185.667755,s
