start,end,fmin,fmax,category
0.5760599999999982,0.5935680000000048,1237.388794,2074.184082,NaN
1.010585000000006,1.0233180000000033,827.893127,2421.36499,NaN
