start,end,fmin,fmax,category
0.3134689999999978,0.3395919999999961,811.428528,1920.0,s
