start,end,fmin,fmax,category
0.12291700000000105,0.13917399999999702,162.16217,532.818542,NaN
0.32287900000000036,0.34076100000000054,208.494202,567.567566,NaN
1.317808999999997,1.3373169999999988,150.579147,509.652527,NaN
