start,end,fmin,fmax,category
0.7753790000000009,0.7976479999999952,113.20755,2207.547363,NaN
1.6078629999999947,1.6249930000000035,330.18866,1877.358521,NaN
