start,end,fmin,fmax,category
1.844103000000004,1.8600619999999992,175.18248,1094.890503,NaN
