start,end,fmin,fmax,category
1.9726799999999969,1.9885960000000011,863.501526,1807.121704,NaN
