start,end,fmin,fmax,category
-0.02930000000000632,0.02236499999999353,NaN,NaN,NaN
0.8820220000000063,0.9193350000000038,NaN,NaN,NaN
1.1073399999999936,1.134608,NaN,NaN,NaN
1.3125670000000014,1.3398349999999937,NaN,NaN,NaN
1.6110790000000037,1.6412169999999975,NaN,NaN,NaN
1.7818620000000038,1.8220469999999978,NaN,NaN,NaN
1.847879000000006,1.8751469999999983,NaN,NaN,NaN
1.9741729999999933,1.9985700000000008,NaN,NaN,NaN
