start,end,fmin,fmax,category
0.7747849999999943,0.8125169999999997,251.428574,1908.571533,s
1.056326999999996,1.0824489999999969,754.285706,1994.285645,s
1.1027660000000026,1.128889000000001,360.0,1788.571533,s
