start,end,fmin,fmax,category
0.2444590000000062,0.27372200000000646,173.745178,764.47876,NaN
1.0215450000000033,1.0378019999999992,150.579147,671.814697,NaN
1.7677419999999984,1.7970049999999986,196.911194,625.482605,NaN
