start,end,fmin,fmax,category
0.6532200000000046,0.6691789999999997,164.233582,1270.072998,NaN
