start,end,fmin,fmax,category
-0.02930000000000632,0.02236499999999353,720.0,865.714233,s
0.8820220000000063,0.9193350000000038,334.285736,334.285736,s
1.1073399999999936,1.134608,334.285736,368.571442,s
1.3125670000000014,1.3398349999999937,282.857147,300.0,s
1.6110790000000037,1.6412169999999975,265.714294,274.285706,s
1.7818620000000038,1.8220469999999978,694.285706,754.285706,s
1.847879000000006,1.8751469999999983,293.159607,302.93158,s
1.9741729999999933,1.9985700000000008,505.714294,505.714294,s
