start,end,fmin,fmax,category
0.7875999999999994,0.8019250000000007,1935.483765,1935.483765,NaN
0.8735499999999998,0.8942420000000002,1848.387085,1848.387085,NaN
