start,end,fmin,fmax,category
0.9629019999999997,0.9919270000000004,348.571411,1708.571411,s
1.9555559999999996,1.9845799999999993,411.428558,765.714294,s
