start,end,fmin,fmax,category
0.5398160000000001,0.5593240000000002,173.745178,683.397644,NaN
