start,end,fmin,fmax,category
1.2328790000000005,1.2488659999999996,350.769226,1264.615356,NaN
1.2792429999999992,1.2904339999999994,324.840759,1070.063721,NaN
