start,end,fmin,fmax,category
0.4210969999999996,0.4702409999999997,108.196724,767.213074,s
1.1091160000000002,1.1360659999999996,118.032784,432.786896,s
1.2089890000000008,1.2327689999999993,186.885254,314.754089,s
1.3738600000000005,1.403981,127.868851,334.426239,s
