start,end,fmin,fmax,category
0.7559520000000006,0.7703600000000002,1219.584595,2821.958496,s
0.8071800000000007,0.8215869999999992,1258.064453,2845.161377,s
0.8327930000000006,0.8472010000000001,1383.870972,2796.77417,s
0.8680129999999995,0.8784179999999999,1422.580688,2787.09668,s
0.8832210000000007,0.8984290000000001,1335.311523,2732.937744,s
0.9080340000000007,0.9232429999999994,1209.677368,2874.193604,s
0.9680669999999996,0.9800730000000009,1509.677368,2883.87085,s
0.9896790000000006,1.0064879999999992,1379.821899,2626.112793,s
1.1561690000000002,1.1737780000000004,1393.54834,2777.419434,s
