start,end,fmin,fmax,category
0.016947999999999297,0.05153199999999991,116.129036,2032.258057,NaN
0.07714900000000036,0.0976429999999997,1016.129028,2438.709717,NaN
0.13991099999999967,0.1604050000000008,1016.129028,2293.54834,NaN
0.36022099999999924,0.38199499999999986,116.129036,1683.870972,NaN
0.4601279999999992,0.4870260000000002,580.645142,1035.483887,NaN
0.9827220000000008,1.0019349999999996,203.225815,2438.709717,NaN
1.0019349999999996,1.0237099999999995,1219.584595,1922.848633,NaN
