start,end,fmin,fmax,category
0.4566599999999994,0.49194899999999997,163.043472,836.956482,s
0.6363149999999997,0.6539599999999997,728.260864,2173.913086,s
