start,end,fmin,fmax,category
0.07856899999999989,0.09615499999999955,258.928558,687.5,s
0.5486059999999995,0.5757849999999998,357.142853,571.428589,s
0.9147239999999996,0.9371069999999992,359.223297,757.281555,s
1.1945080000000008,1.2072979999999998,553.571411,1026.785767,s
1.2728479999999998,1.292033,500.0,803.571411,s
1.7412860000000006,1.7508789999999994,258.928558,660.714294,s
1.7588729999999995,1.7732620000000008,339.285706,678.571411,s
1.9219469999999994,1.9427310000000002,303.571442,696.428528,s
