start,end,fmin,fmax,category
0.15205699999999922,0.17111200000000082,401.21582,1212.765991,s
0.3124310000000001,0.32354600000000033,330.18866,820.7547,s
0.3695939999999993,0.3838840000000001,452.8302,858.49054,s
0.3838840000000001,0.401351,136.778122,519.756836,s
0.6649349999999998,0.6792259999999999,292.45282,773.584961,s
1.7589690000000004,1.7748469999999994,1030.395142,1878.419434,s
1.8653549999999992,1.8828209999999999,1604.863281,1978.723389,s
