start,end,fmin,fmax,category
0.30439999999999934,0.32189900000000016,310.975616,603.658569,s
1.0537050000000008,1.0712039999999998,155.487808,887.195068,s
