start,end,fmin,fmax,category
0.6759619999999984,0.7017950000000042,NaN,NaN,NaN
0.7017950000000042,0.7276279999999957,NaN,NaN,NaN
1.251458999999997,1.2801620000000042,NaN,NaN,NaN
