start,end,fmin,fmax,category
0.14331099999999708,0.1621769999999998,1014.245056,1937.321899,s
0.2637639999999948,0.2956920000000025,245.714294,1908.571533,s
