start,end,fmin,fmax,category
0.8764720000000068,0.894354000000007,266.409271,521.235535,NaN
