start,end,fmin,fmax,category
0.6517390000000063,0.667154999999994,301.88678,1726.415039,NaN
1.0114540000000005,1.037148000000002,103.773582,1952.8302,NaN
