start,end,fmin,fmax,category
1.257714000000007,1.2704820000000012,218.978088,1029.197021,NaN
1.3502759999999938,1.3598510000000061,437.956177,700.729919,NaN
1.3981529999999935,1.4077280000000059,186.131393,777.372314,NaN
1.428475000000006,1.4412420000000026,175.18248,832.116821,NaN
1.4843309999999974,1.4986940000000004,240.875916,875.912354,NaN
