start,end,fmin,fmax,category
0.6759619999999984,0.7017950000000042,368.571442,368.571442,s
0.7017950000000042,0.7276279999999957,565.714294,617.142883,s
1.251458999999997,1.2801620000000042,385.714294,394.285706,s
