start,end,fmin,fmax,category
0.8535990000000027,0.8726989999999972,106.824928,275.964386,NaN
0.9395489999999995,0.9554660000000013,106.824928,578.63501,NaN
