start,end,fmin,fmax,category
0.9630839999999949,0.9892059999999958,142.857147,1782.857178,s
1.1053059999999988,1.125624000000002,748.571472,1685.714233,s
1.125624000000002,1.1517460000000028,1062.857178,1845.714355,s
