start,end,fmin,fmax,category
0.6403590000000037,0.6631189999999947,138.99614,694.980713,NaN
1.145951999999994,1.170338000000001,173.745178,613.899597,NaN
