start,end,fmin,fmax,category
0.6890099999999961,0.7081050000000033,168.75,553.125,NaN
0.8751879999999943,0.9006480000000039,155.339813,699.029114,NaN
1.5594310000000036,1.5928480000000036,93.75,328.125,NaN
