start,end,fmin,fmax,category
0.100876999999997,0.13170999999999822,122.641518,2198.113281,NaN
0.8511409999999984,0.8665570000000002,339.62265,1905.660278,NaN
1.5722839999999962,1.5842739999999935,132.07547,1716.981079,NaN
