start,end,fmin,fmax,category
0.008386999999999034,0.04713599999999474,NaN,NaN,NaN
0.24375200000000063,0.2652790000000067,NaN,NaN,NaN
0.35999900000000196,0.3858319999999935,NaN,NaN,NaN
0.4001839999999959,0.42601600000000417,NaN,NaN,NaN
1.7994580000000013,1.8238549999999947,NaN,NaN,NaN
1.8511230000000012,1.8913069999999976,NaN,NaN,NaN
1.973111000000003,2.010424999999998,NaN,NaN,NaN
