start,end,fmin,fmax,category
0.3243539999999996,0.34031699999999887,-1.0,1920.227905,s
0.5130159999999933,0.533332999999999,222.222229,1897.435913,s
