start,end,fmin,fmax,category
0.004322999999999411,0.02545700000000295,173.745178,590.733582,NaN
0.42863199999999324,0.45626900000000603,138.99614,671.814697,NaN
