start,end,fmin,fmax,category
0.3884790000000038,0.4043920000000014,150.0,731.25,NaN
0.5062329999999946,0.523736999999997,155.339813,1106.796143,NaN
1.3702889999999996,1.387793000000002,478.125,2043.749878,NaN
