start,end,fmin,fmax,category
0.07931100000000413,0.09815299999999638,122.641518,415.09433,NaN
0.502404999999996,0.5298109999999951,160.37735,2018.86792,NaN
0.7713349999999934,0.7850380000000001,103.773582,462.26416,NaN
