start,end,fmin,fmax,category
0.008386999999999034,0.04713599999999474,300.0,300.0,s
0.24375200000000063,0.2652790000000067,574.285706,600.0,s
0.35999900000000196,0.3858319999999935,574.285706,591.428589,s
0.4001839999999959,0.42601600000000417,900.000061,917.142822,s
1.7994580000000013,1.8238549999999947,608.571411,608.571411,s
1.8511230000000012,1.8913069999999976,469.055359,527.687317,s
1.973111000000003,2.010424999999998,608.571411,634.285706,s
