start,end,fmin,fmax,category
1.0991379999999964,1.1252609999999947,222.857147,1942.857178,s
1.2355560000000025,1.2616780000000034,662.857117,1771.428589,s
1.7957370000000026,1.8334689999999938,434.285706,1960.0,s
