start,end,fmin,fmax,category
1.226466000000002,1.249225999999993,138.99614,752.895691,NaN
1.3028740000000028,1.3223820000000046,150.579147,544.40155,NaN
