start,end,fmin,fmax,category
0.025199000000000638,0.03890199999999311,264.15094,1669.811401,NaN
0.5476419999999962,0.5613460000000003,669.81134,1603.77356,NaN
0.9279130000000038,0.9381900000000059,330.18866,1433.96228,NaN
0.9450420000000008,0.958746000000005,688.67926,1490.56604,NaN
