start,end,fmin,fmax,category
0.4778230000000008,0.5039459999999991,1131.428589,1611.428589,s
