start,end,fmin,fmax,category
0.5010170000000045,0.5254019999999997,162.16217,648.648682,NaN
0.7367440000000016,0.7855150000000037,277.992279,625.482605,NaN
1.128538000000006,1.144795000000002,185.328186,625.482605,NaN
