start,end,fmin,fmax,category
0.5500569999999954,0.570611999999997,141.50943,698.11322,NaN
0.6374160000000018,0.6528330000000011,103.773582,1858.490601,NaN
