start,end,fmin,fmax,category
1.107990000000001,1.130274,124.629074,445.103882,NaN
