start,end,fmin,fmax,category
1.6096150000000051,1.6386389999999977,337.142853,1868.571411,s
1.7402270000000044,1.7634469999999993,897.142822,1525.714233,s
