start,end,fmin,fmax,category
0.2486470000000054,0.27953499999999565,185.328186,521.235535,NaN
1.0322359999999975,1.0549950000000052,185.328186,637.065613,NaN
1.1362809999999968,1.1606660000000062,162.16217,613.899597,NaN
1.8190759999999955,1.8629700000000042,150.579147,544.40155,NaN
