start,end,fmin,fmax,category
0.11225399999999297,0.13294100000000242,121.874992,768.75,NaN
0.36367400000000316,0.38117800000000557,356.25,1087.5,NaN
0.5593989999999991,0.5800859999999943,131.25,478.125,NaN
