start,end,fmin,fmax,category
0.2338670000000036,0.24756999999999607,207.547165,1641.509399,NaN
0.6364049999999963,0.6501090000000005,216.98114,1726.415039,NaN
0.9704260000000033,0.9789909999999935,216.98114,1688.679321,NaN
0.9789909999999935,0.9944069999999954,169.811325,1471.69812,NaN
1.7737900000000053,1.7960589999999996,-1.0,443.39624,NaN
