start,end,fmin,fmax,category
0.24663499999999772,0.3002840000000049,208.494202,741.312744,NaN
0.7294689999999946,0.7473520000000065,208.494202,463.320435,NaN
0.8416430000000048,0.8611510000000067,231.660217,463.320435,NaN
