start,end,fmin,fmax,category
0.21915199999999402,0.2345679999999959,103.773582,867.924561,NaN
1.9886079999999993,2.000598999999994,301.88678,1792.452881,NaN
