start,end,fmin,fmax,category
1.5947390000000041,1.6237639999999942,342.857147,1520.0,s
