start,end,fmin,fmax,category
0.8753970000000066,0.896530999999996,150.579147,486.48645,NaN
1.0054530000000028,1.029837999999998,185.328186,660.231628,NaN
1.1013690000000054,1.1160009999999971,138.99614,440.154419,NaN
