start,end,fmin,fmax,category
0.42616999999999905,0.44526500000000624,131.25,487.499969,NaN
