start,end,fmin,fmax,category
-0.011392000000000735,0.000598999999994021,301.88678,1792.452881,NaN
0.23355700000000468,0.2558250000000015,150.94339,641.509399,NaN
1.1362709999999936,1.1568259999999952,169.811325,2301.886719,NaN
1.2578890000000058,1.2750180000000029,169.811325,415.09433,NaN
1.3383970000000005,1.3538130000000024,150.94339,783.01886,NaN
