start,end,fmin,fmax,category
1.8487049999999954,1.8693970000000064,204.747772,738.872437,NaN
