start,end,fmin,fmax,category
0.02779099999999346,0.06223500000000115,NaN,NaN,NaN
0.3076460000000054,0.3521350000000041,NaN,NaN,NaN
0.8530039999999985,0.8745310000000046,NaN,NaN,NaN
1.0854980000000012,1.1098960000000062,NaN,NaN,NaN
1.155821000000003,1.173043000000007,NaN,NaN,NaN
1.6409029999999944,1.6667350000000027,NaN,NaN,NaN
1.7011789999999962,1.7427979999999934,NaN,NaN,NaN
