start,end,fmin,fmax,category
0.7354200000000048,0.7644439999999975,1177.142822,1897.142944,s
0.7992739999999969,0.8166889999999967,1234.285767,1988.571411,s
0.8166889999999967,0.8399090000000058,1257.142944,1885.714233,s
0.8689339999999959,0.892154000000005,1165.714233,1965.714355,s
1.2317460000000011,1.2636729999999972,1131.428589,1640.0,s
