start,end,fmin,fmax,category
0.24098700000000406,0.273500999999996,220.077209,694.980713,NaN
0.9514190000000013,0.9725530000000049,173.745178,602.316589,NaN
1.1757659999999959,1.198526000000001,382.23938,602.316589,NaN
