start,end,fmin,fmax,category
0.47094300000000544,0.49322100000000546,168.75,1190.625,NaN
