start,end,fmin,fmax,category
1.3219689999999957,1.337385999999995,273.5849,1801.886719,NaN
1.596037999999993,1.6080280000000045,603.77356,1622.641479,NaN
