start,end,fmin,fmax,category
0.02779099999999346,0.06223500000000115,240.0,282.857147,s
0.3076460000000054,0.3521350000000041,263.843658,361.563507,s
0.8530039999999985,0.8745310000000046,308.571442,317.142853,s
1.0854980000000012,1.1098960000000062,342.019531,361.563507,s
1.155821000000003,1.173043000000007,449.511414,449.511414,s
1.6409029999999944,1.6667350000000027,197.142853,248.571411,s
1.7011789999999962,1.7427979999999934,127.035835,175.895767,s
