start,end,fmin,fmax,category
1.4782770000000056,1.5014970000000005,125.714287,1611.428589,s
1.8207709999999935,1.8439910000000026,622.857178,1977.142822,s
1.8439910000000026,1.8701130000000035,594.285706,1657.142822,s
