start,end,fmin,fmax,category
0.9071390000000008,0.9233959999999968,115.830109,544.40155,NaN
0.9867979999999932,1.011184,196.911194,729.729736,NaN
1.994733999999994,2.012617000000006,162.16217,625.482605,NaN
