start,end,fmin,fmax,category
0.5227330000000023,0.5381490000000042,132.07547,1169.811279,NaN
0.8447639999999978,0.8704570000000018,141.50943,820.7547,NaN
1.115405999999993,1.144525999999999,113.20755,594.3396,NaN
1.2370240000000052,1.2507279999999952,141.50943,349.05661,NaN
