start,end,fmin,fmax,category
0.010001000000000815,0.02910100000000071,1906.451538,1925.806396,NaN
