start,end,fmin,fmax,category
1.1746029999999994,1.1949210000000008,85.714287,971.428589,s
1.7580050000000007,1.7870290000000004,417.142883,1491.428589,s
