start,end,fmin,fmax,category
0.08179499999999962,0.1029289999999996,196.911194,857.142883,NaN
0.7572740000000007,0.7775949999999998,185.328186,683.397644,NaN
1.2831890000000001,1.3035099999999993,185.328186,567.567566,NaN
