start,end,fmin,fmax,category
0.2227630000000005,0.23817999999999984,166.123779,1778.501587,NaN
1.6410689999999999,1.6599109999999992,107.491859,1241.042358,NaN
