start,end,fmin,fmax,category
1.2089549999999996,1.2201459999999997,812.307739,1920.0,NaN
