start,end,fmin,fmax,category
0.3386849999999999,0.3691610000000001,107.14286,1003.246765,s
