start,end,fmin,fmax,category
0.4296679999999995,0.45503300000000024,137.70491,334.426239,s
0.47088600000000014,0.5073480000000004,118.032784,403.278717,s
0.6642919999999997,0.6880710000000008,157.377045,432.786896,s
0.9528160000000003,0.997204,108.196724,590.16394,s
1.0923219999999993,1.114516,177.049179,314.754089,s
1.2873140000000003,1.3332870000000003,118.032784,777.049194,s
