start,end,fmin,fmax,category
1.9512859999999996,1.964093,1121.661743,2724.035645,s
