start,end,fmin,fmax,category
1.2220770000000005,1.2429299999999994,-1.0,195.652176,s
1.3086970000000004,1.3295499999999993,-1.0,206.521729,s
1.3744639999999997,1.3953170000000004,-1.0,228.260864,s
1.4290020000000005,1.4530630000000002,-1.0,239.130447,s
1.5108099999999993,1.5268499999999996,-1.0,260.869568,s
1.5653480000000002,1.5878049999999995,-1.0,293.478271,s
1.6487599999999993,1.6680089999999996,-1.0,304.347809,s
