start,end,fmin,fmax,category
0.5534599999999994,0.5790400000000009,116.071434,571.428589,s
1.0266950000000001,1.0474789999999992,276.785706,616.071472,s
1.5846649999999993,1.6038499999999996,294.642853,767.857178,s
1.8772389999999994,1.8980230000000002,383.928589,866.071411,s
