start,end,fmin,fmax,category
0.43063199999999924,0.45286199999999965,474.164124,2151.975586,s
0.5910060000000001,0.6052959999999992,1594.3396,2047.1698,s
1.6501059999999992,1.6628089999999993,465.045593,1987.841919,s
1.8184190000000005,1.8311220000000006,386.79248,1443.39624,s
