start,end,fmin,fmax,category
1.4416170000000008,1.4686620000000001,91.463417,192.073166,s
1.7486569999999997,1.77093,310.975616,1015.243896,s
