start,end,fmin,fmax,category
0.021332000000001017,0.035657000000000494,169.139465,703.264099,NaN
