start,end,fmin,fmax,category
0.04426300000000083,0.08199500000000626,102.85714,1977.142822,b
0.3345120000000037,0.36934200000000317,125.714287,1908.571533,b
0.6857140000000044,0.7176419999999979,125.714287,1994.285645,b
0.8946940000000012,0.9295240000000007,74.285713,1914.285645,b
1.1675280000000043,1.208162999999999,74.285713,1988.571411,b
1.3648979999999966,1.4084349999999972,131.428574,2000.0,b
