start,end,fmin,fmax,category
-0.005266000000005988,0.012617000000005874,162.16217,625.482605,NaN
0.5751099999999951,0.592993000000007,208.494202,416.988403,NaN
0.939267000000001,0.9652779999999979,162.16217,625.482605,NaN
1.651325,1.6643310000000042,150.579147,544.40155,NaN
