start,end,fmin,fmax,category
0.403529000000006,0.4138070000000056,500.0,1641.509399,NaN
0.502878999999993,0.5165829999999971,264.15094,1830.188721,NaN
0.7563930000000028,0.775234999999995,113.20755,462.26416,NaN
0.804355000000001,0.8146320000000031,-1.0,349.05661,NaN
1.1674959999999999,1.184624999999997,103.773582,339.62265,NaN
