start,end,fmin,fmax,category
0.4486260000000044,0.4709100000000035,145.161285,783.870911,NaN
