start,end,fmin,fmax,category
1.1383220000000023,1.1673470000000066,228.571426,1988.571411,s
