start,end,fmin,fmax,category
0.5405839999999955,0.5600929999999948,150.579147,613.899597,NaN
0.651132000000004,0.673891999999995,150.579147,544.40155,NaN
