start,end,fmin,fmax,category
0.7293829999999986,0.7421130000000034,178.125,1275.0,NaN
