start,end,fmin,fmax,category
0.22779900000000453,0.25691899999999634,122.641518,1924.528198,NaN
0.33742700000000525,0.34770399999999313,169.811325,1905.660278,NaN
1.4662469999999956,1.4833770000000044,226.4151,1584.90564,NaN
