start,end,fmin,fmax,category
0.6132949999999937,0.6292119999999954,988.130554,1940.652832,NaN
1.5444209999999998,1.5587459999999993,302.670624,543.026733,NaN
1.6876709999999946,1.7035879999999963,845.697388,1833.827881,NaN
