start,end,fmin,fmax,category
-0.009264000000001715,0.005804999999995175,NaN,NaN,NaN
0.005804999999995175,0.020156000000000063,NaN,NaN,NaN
0.020156000000000063,0.03737800000000391,NaN,NaN,NaN
0.14070900000000108,0.16725900000000138,NaN,NaN,NaN
0.5525980000000033,0.5705370000000016,NaN,NaN,NaN
1.5019510000000054,1.5421359999999993,NaN,NaN,NaN
1.6103059999999942,1.631114999999994,NaN,NaN,NaN
1.7193769999999944,1.7552560000000028,NaN,NaN,NaN
1.8463880000000046,1.8758090000000038,NaN,NaN,NaN
