start,end,fmin,fmax,category
0.4183220000000034,0.5141040000000032,114.285713,1994.285645,b
0.5837640000000022,0.6360090000000014,131.428574,1885.714233,b
0.6650340000000057,1.0510660000000058,403.908783,403.908783,bc
