start,end,fmin,fmax,category
0.034940000000005966,0.06577299999999298,103.773582,311.32077,NaN
0.29187899999999445,0.3124349999999936,94.33963,716.98114,NaN
0.3124349999999936,0.3449800000000067,122.641518,726.4151,NaN
0.3552580000000063,0.3826650000000029,132.07547,669.81134,NaN
0.40664599999999496,0.4306270000000012,122.641518,698.11322,NaN
0.5402540000000045,0.5539579999999944,132.07547,283.01886,NaN
1.1072340000000054,1.122649999999993,207.547165,1867.924561,NaN
1.4652360000000044,1.4823650000000015,132.07547,283.01886,NaN
