start,end,fmin,fmax,category
-0.009264000000001715,0.005804999999995175,1114.285767,1114.285767,s
0.005804999999995175,0.020156000000000063,1105.714233,1105.714233,s
0.020156000000000063,0.03737800000000391,1011.428589,1011.428589,s
0.14070900000000108,0.16725900000000138,445.714294,505.714294,s
0.5525980000000033,0.5705370000000016,865.714233,874.285706,s
1.5019510000000054,1.5421359999999993,762.857178,762.857178,s
1.6103059999999942,1.631114999999994,478.827362,547.231262,s
1.7193769999999944,1.7552560000000028,332.247559,381.107483,s
1.8463880000000046,1.8758090000000038,274.285706,308.571442,s
