start,end,fmin,fmax,category
0.6585890000000063,0.6776890000000009,106.824928,587.537109,NaN
0.7843299999999971,0.8002469999999988,145.161285,2380.645264,NaN
1.9717150000000032,1.9844480000000004,703.264099,2332.344238,NaN
