start,end,fmin,fmax,category
0.25038399999999683,0.2747810000000044,NaN,NaN,NaN
0.5115810000000067,0.5331089999999961,NaN,NaN,NaN
1.0045559999999938,1.0311070000000058,NaN,NaN,NaN
1.0461760000000027,1.072726000000003,NaN,NaN,NaN
1.193996999999996,1.2076299999999947,NaN,NaN,NaN
1.446583000000004,1.4666760000000068,NaN,NaN,NaN
1.6195189999999968,1.651093000000003,NaN,NaN,NaN
