start,end,fmin,fmax,category
1.0015420000000006,1.0276640000000015,148.571426,657.142883,s
1.4833560000000006,1.518186,148.571426,588.571411,s
