start,end,fmin,fmax,category
0.21304600000000562,0.23255500000000495,196.911194,498.069489,NaN
1.2274850000000015,1.2453679999999991,173.745178,671.814697,NaN
