start,end,fmin,fmax,category
1.5381809999999945,1.5572760000000017,112.500008,1040.625,NaN
1.8357479999999953,1.8516599999999954,121.874992,862.5,NaN
