start,end,fmin,fmax,category
0.40220899999999915,0.424476999999996,141.50943,2339.622559,NaN
0.5443819999999988,0.5615109999999959,179.245285,528.30188,NaN
1.208997999999994,1.227840999999998,264.15094,2481.13208,NaN
1.3511720000000054,1.3631620000000026,726.4151,1584.90564,NaN
1.4796410000000009,1.5019089999999977,122.641518,688.67926,NaN
1.5926950000000062,1.6132499999999936,103.773582,556.60376,NaN
