start,end,fmin,fmax,category
0.25038399999999683,0.2747810000000044,156.351791,156.351791,s
0.5115810000000067,0.5331089999999961,908.7948,928.338745,s
1.0045559999999938,1.0311070000000058,508.143341,508.143341,s
1.0461760000000027,1.072726000000003,371.33551,400.651489,s
1.193996999999996,1.2076299999999947,274.285706,274.285706,s
1.446583000000004,1.4666760000000068,334.285736,368.571442,s
1.6195189999999968,1.651093000000003,274.285706,274.285706,s
