start,end,fmin,fmax,category
0.8550909999999874,0.8805570000000102,133.531158,293.768555,NaN
1.1352239999999938,1.1590989999999977,125.806458,445.161255,NaN
1.2291329999999903,1.2498239999999896,106.451614,338.709656,NaN
