start,end,fmin,fmax,category
0.4217700000000093,0.4554960000000108,NaN,NaN,NaN
0.4554960000000108,0.48922200000001226,NaN,NaN,NaN
1.038168000000013,1.0604130000000112,NaN,NaN,NaN
