start,end,fmin,fmax,category
0.16544200000001297,0.25251700000001165,114.285713,1965.714355,b
0.2873470000000111,0.44408200000000875,108.571426,2000.0,b
0.6327440000000024,1.088435000000004,97.14286,1994.285645,bc
