start,end,fmin,fmax,category
1.846492000000012,1.8660000000000139,185.328186,590.733582,NaN
