start,end,fmin,fmax,category
0.3003960000000063,0.32108299999998735,660.194214,912.621338,NaN
1.818462000000011,1.8391479999999945,159.375,721.875,NaN
