start,end,fmin,fmax,category
0.418327000000005,0.44230799999999704,113.20755,2490.566162,NaN
1.476916999999986,1.4889080000000092,216.98114,1575.47168,NaN
1.5694149999999922,1.5831190000000106,113.20755,1537.73584,NaN
1.711588000000006,1.725291999999996,273.5849,1650.943481,NaN
