start,end,fmin,fmax,category
0.4217700000000093,0.4554960000000108,291.428589,300.0,s
0.4554960000000108,0.48922200000001226,942.857178,1182.857178,s
1.038168000000013,1.0604130000000112,308.571442,351.428558,s
