start,end,fmin,fmax,category
0.032925000000005866,0.04565900000000056,551.928772,2519.287842,NaN
