start,end,fmin,fmax,category
1.5265310000000056,1.564263000000011,222.857147,582.857117,s
1.6803629999999998,1.7151929999999993,162.86644,710.097717,s
1.8167799999999943,1.8835369999999898,188.571426,485.714294,s
