start,end,fmin,fmax,category
0.059459000000003925,0.08221900000000915,208.494202,718.146729,NaN
1.1438019999999938,1.1600589999999897,138.99614,648.648682,NaN
1.6819099999999878,1.7030440000000056,173.745178,694.980713,NaN
