start,end,fmin,fmax,category
0.30254899999999907,0.3231040000000007,160.37735,292.45282,NaN
0.9568879999999922,0.9774429999999938,122.641518,1113.20752,NaN
1.3782689999999889,1.3971109999999953,160.37735,1254.717041,NaN
1.631781999999987,1.6471990000000005,122.641518,443.39624,NaN
