start,end,fmin,fmax,category
0.08380999999999972,0.14476199999998585,720.0,720.0,b
0.2144220000000132,0.2869839999999897,125.714287,1982.857056,b
0.37115600000001336,0.49015900000000556,137.142853,874.285706,b
0.5511109999999917,0.6468930000000057,137.142853,1971.428467,b
0.6468930000000057,1.030023,125.714287,-1.0,bc
