start,end,fmin,fmax,category
0.3679559999999924,0.38583900000000426,196.911194,625.482605,NaN
1.7189150000000097,1.74492699999999,208.494202,683.397644,NaN
