start,end,fmin,fmax,category
0.12420299999999429,0.14488900000000626,262.5,2540.625,NaN
0.25786899999999946,0.27696399999999244,759.375061,2137.5,NaN
0.6063560000000052,0.6254509999999982,571.875,1856.249878,NaN
1.0471359999999947,1.063048000000009,281.25,1031.25,NaN
