start,end,fmin,fmax,category
0.5619030000000009,0.5790320000000122,198.113205,1896.22644,NaN
0.6578269999999975,0.6818079999999895,141.50943,301.88678,NaN
0.7571770000000129,0.7708810000000028,254.71698,1415.09436,NaN
0.7794450000000097,0.7948619999999949,169.811325,1726.415039,NaN
1.2111030000000085,1.2248069999999984,669.81134,1650.943481,NaN
