start,end,fmin,fmax,category
1.0434970000000021,1.0594130000000064,1308.605347,1958.456909,NaN
