start,end,fmin,fmax,category
1.5638999999999896,1.6016329999999925,154.285721,714.285706,s
1.6190479999999923,1.6974150000000066,154.285721,885.714294,s
