start,end,fmin,fmax,category
0.6016720000000078,0.6228059999999971,173.745178,671.814697,NaN
1.1901760000000081,1.2145620000000008,138.99614,579.150574,NaN
