start,end,fmin,fmax,category
0.4718200000000081,0.4872359999999958,-1.0,1943.396118,NaN
0.5660310000000095,0.5917249999999967,103.773582,1886.79248,NaN
0.9822729999999922,0.9994020000000035,226.4151,1962.264282,NaN
1.0079670000000078,1.0233829999999955,169.811325,1981.132202,NaN
1.1364360000000033,1.1552780000000098,273.5849,1688.679321,NaN
