start,end,fmin,fmax,category
0.043148000000002185,0.06682799999998679,NaN,NaN,NaN
0.13786799999999744,0.17590000000001282,NaN,NaN,NaN
0.30075800000000186,0.3402250000000038,NaN,NaN,NaN
0.4098299999999995,0.440685000000002,NaN,NaN,NaN
0.5346879999999885,0.555498,NaN,NaN,NaN
0.6494999999999891,0.6846610000000055,NaN,NaN,NaN
1.3455490000000054,1.372099999999989,NaN,NaN,NaN
1.7165359999999907,1.7473919999999907,NaN,NaN,NaN
