start,end,fmin,fmax,category
0.2721090000000004,0.362086000000005,142.857147,1874.285645,b
0.5188210000000026,0.6407260000000008,125.714287,1828.571411,b
0.7016779999999869,1.4592289999999934,148.571426,-1.0,bc
1.6682089999999903,1.7146490000000085,182.857147,697.142822,s
1.7262589999999989,1.78430800000001,200.0,714.285706,s
