start,end,fmin,fmax,category
1.4726630000000114,1.50030000000001,220.077209,671.814697,NaN
1.6010929999999917,1.6189760000000035,220.077209,706.563721,NaN
