start,end,fmin,fmax,category
0.4779000000000053,0.4954040000000077,871.875,2671.875,NaN
1.5169950000000085,1.532907999999992,121.874992,1040.625,NaN
