start,end,fmin,fmax,category
0.45881800000000794,0.46909500000001003,433.96228,1650.943481,NaN
0.5102060000000108,0.5273349999999937,433.96228,1726.415039,NaN
1.327272999999991,1.3426890000000071,245.283035,1613.20752,NaN
1.5156949999999938,1.5311120000000074,103.773582,1132.075439,NaN
1.9353629999999953,1.9542050000000017,103.773582,773.584961,NaN
