start,end,fmin,fmax,category
0.043148000000002185,0.06682799999998679,517.915283,557.003235,s
0.13786799999999744,0.17590000000001282,234.527679,361.563507,s
0.30075800000000186,0.3402250000000038,291.428589,377.142853,s
0.4098299999999995,0.440685000000002,293.159607,312.703583,s
0.5346879999999885,0.555498,848.571472,857.142883,s
0.6494999999999891,0.6846610000000055,410.423431,537.45929,s
1.3455490000000054,1.372099999999989,342.019531,361.563507,s
1.7165359999999907,1.7473919999999907,263.843658,283.387634,s
