start,end,fmin,fmax,category
0.039727999999996655,0.4692970000000116,148.571426,1760.0,m
1.0846259999999859,1.1542860000000132,171.428574,662.857117,s
1.3371429999999975,1.3893879999999967,188.571426,560.0,s
