start,end,fmin,fmax,category
0.534245999999996,0.5570060000000012,231.660217,579.150574,NaN
