start,end,fmin,fmax,category
1.6123210000000086,1.6294499999999914,254.71698,1867.924561,NaN
1.9394910000000039,1.9566199999999867,141.50943,2452.830322,NaN
