start,end,fmin,fmax,category
1.0321999999999996,1.0583220000000004,102.85714,1771.428589,s
1.8971429999999998,1.9261680000000005,137.142853,1034.285645,s
