start,end,fmin,fmax,category
0.059461999999999904,0.07896999999999998,150.579147,416.988403,NaN
1.0608950000000004,1.0917829999999995,150.579147,857.142883,NaN
