start,end,fmin,fmax,category
1.1963489999999997,1.2186260000000004,103.125,1303.125,NaN
1.6148509999999998,1.6371289999999998,103.125,346.875,NaN
