start,end,fmin,fmax,category
1.6040860000000006,1.619503,566.775269,1749.185669,NaN
1.8969970000000007,1.9192649999999993,175.895767,469.055359,NaN
