start,end,fmin,fmax,category
0.7245860000000004,0.7389749999999999,313.846161,1006.153809,NaN
1.3097340000000006,1.32892,184.615387,932.307678,NaN
1.4360370000000007,1.4488269999999996,277.070068,1022.29303,NaN
1.5095799999999997,1.5207719999999991,1729.299316,2283.439453,NaN
