start,end,fmin,fmax,category
1.605442,1.6272110000000009,126.623375,788.96106,s
1.8361900000000002,1.8608619999999991,136.363647,545.45459,s
