start,end,fmin,fmax,category
0.018522000000000816,0.030528999999999584,1083.870972,2864.516113,s
0.05214100000000066,0.06414700000000018,1180.645142,2787.09668,s
0.1169759999999993,0.12978299999999976,1412.903198,2893.54834,s
0.15219500000000075,0.1674030000000002,1393.54834,2816.12915,s
0.2066239999999997,0.22423399999999916,1616.12915,2748.387207,s
0.2314380000000007,0.2546499999999998,1587.09668,2738.709717,s
0.39712800000000037,0.4123359999999998,1255.192871,2545.994141,s
