start,end,fmin,fmax,category
0.3968380000000007,0.41122700000000023,294.642853,1008.928589,s
0.4623880000000007,0.47517799999999966,821.428589,1598.214233,s
0.6062770000000004,0.6222639999999995,633.928589,1544.642822,s
0.8077210000000008,0.8253079999999997,455.357147,1196.428589,s
