start,end,fmin,fmax,category
0.842587,0.8552900000000001,519.756836,993.920959,s
0.9775550000000006,0.9918449999999996,939.209717,1832.826782,s
1.0331299999999999,1.0490080000000006,218.844986,419.452881,s
1.1728609999999993,1.1855639999999994,510.638275,2024.31604,s
1.1855639999999994,1.204618,528.875366,1951.367798,s
