start,end,fmin,fmax,category
0.12887800000000027,0.149559,164.63414,896.341492,s
0.1877399999999998,0.20205799999999918,667.682922,887.195068,s
0.210013,0.2243309999999994,722.560974,859.756104,s
0.36432800000000043,0.3786459999999998,643.533081,861.19873,s
0.4915990000000008,0.5059170000000002,1262.195068,1847.561035,s
0.6904590000000006,0.704777,501.577301,1845.425781,s
