start,end,fmin,fmax,category
0.22820899999999256,0.265940999999998,217.142853,640.0,s
0.29206300000001306,0.3414060000000063,228.571426,645.714294,s
0.5184580000000096,0.5532880000000091,182.857147,605.714233,s
0.6461679999999888,1.2818139999999971,131.428574,1948.571411,bc
1.6765530000000126,2.4282990000000098,120.0,1982.857056,bc
