start,end,fmin,fmax,category
1.5369190000000117,1.5645560000000103,138.99614,776.061768,NaN
