start,end,fmin,fmax,category
1.8277280000000076,1.84523200000001,196.874985,543.75,NaN
