start,end,fmin,fmax,category
0.11592200000001185,0.13133899999999699,160.37735,1726.415039,NaN
0.617810999999989,0.6332270000000051,132.07547,2075.47168,NaN
1.0237750000000005,1.056320999999997,103.773582,2424.52832,NaN
1.8956560000000025,1.9282019999999989,-1.0,1726.415039,NaN
