start,end,fmin,fmax,category
0.22669500000000653,0.24579499999998689,818.991089,2492.581787,NaN
0.608696000000009,0.6246120000000133,948.387085,2496.77417,NaN
1.146679000000006,1.1610039999999913,489.614227,2697.329346,NaN
1.7642470000000117,1.7769800000000089,948.387085,2419.354736,NaN
