start,end,fmin,fmax,category
0.04998000000000502,0.07294200000001183,NaN,NaN,NaN
0.07294200000001183,0.09375199999999495,NaN,NaN,NaN
0.4511050000000125,0.4812430000000063,NaN,NaN,NaN
0.8608409999999935,0.8802159999999901,NaN,NaN,NaN
1.4693460000000016,1.4958959999999877,NaN,NaN,NaN
