start,end,fmin,fmax,category
-0.3234469999999874,0.42829900000000976,120.0,1982.857056,bc
0.6996829999999932,0.7199999999999989,170.94017,803.418823,s
1.7257140000000106,1.7866669999999942,194.285721,754.285706,s
1.9143760000000043,1.9463039999999978,240.0,662.857117,s
1.972426000000013,2.0043540000000064,188.571426,668.571411,s
