start,end,fmin,fmax,category
0.7009219999999914,0.7204309999999907,162.16217,625.482605,NaN
1.0033029999999883,1.0228109999999901,173.745178,509.652527,NaN
1.3381980000000055,1.3625830000000008,208.494202,741.312744,NaN
1.8909360000000106,1.9071930000000066,880.308838,1969.111938,NaN
1.985227000000009,2.030746999999991,162.16217,637.065613,NaN
