start,end,fmin,fmax,category
1.2996469999999931,1.3155590000000075,468.75,2315.625,NaN
