start,end,fmin,fmax,category
1.0724390000000028,1.084429,349.05661,1707.547241,NaN
1.93232900000001,1.947745999999995,141.50943,1877.358521,NaN
