start,end,fmin,fmax,category
0.04998000000000502,0.07294200000001183,244.299667,254.071671,s
0.07294200000001183,0.09375199999999495,745.714294,745.714294,s
0.4511050000000125,0.4812430000000063,668.571472,728.571411,s
0.8608409999999935,0.8802159999999901,171.428574,180.0,s
1.4693460000000016,1.4958959999999877,214.285721,248.571411,s
