start,end,fmin,fmax,category
0.4566220000000101,0.4725390000000118,899.109802,2287.83374,NaN
