start,end,fmin,fmax,category
-0.02757399999998711,0.004354000000006408,188.571426,668.571411,s
0.018866000000002714,0.06530599999999254,234.285706,691.428528,s
0.23365100000000893,0.265578000000005,120.0,1182.857178,s
0.30621300000001384,1.1914739999999995,491.428589,571.428589,bc
1.8822680000000105,1.9199999999999875,154.285721,708.571411,s
