start,end,fmin,fmax,category
-0.014772999999991043,0.030746999999990976,162.16217,637.065613,NaN
1.5946730000000002,1.6060530000000028,243.243225,613.899597,NaN
1.784879999999987,1.8027629999999988,185.328186,671.814697,NaN
