start,end,fmin,fmax,category
0.09368699999998853,0.10800800000001232,862.5,2540.625,NaN
