start,end,fmin,fmax,category
0.3502839999999878,0.3742650000000083,132.07547,2084.905762,NaN
0.6123619999999903,0.6312049999999942,726.4151,1547.169922,NaN
1.0902700000000038,1.1142509999999959,103.773582,820.7547,NaN
