start,end,fmin,fmax,category
0.965091000000001,0.9794159999999863,1121.661743,1896.142456,NaN
1.0812830000000133,1.094017000000008,745.161316,2593.54834,NaN
