start,end,fmin,fmax,category
0.46566899999999123,0.7385030000000086,142.857147,1908.571533,m
1.2174149999999884,1.2725619999999935,97.14286,708.571411,s
