start,end,fmin,fmax,category
0.3051049999999975,0.3213619999999935,173.745178,602.316589,NaN
0.6871449999999868,0.7082790000000045,150.579147,555.984558,NaN
