start,end,fmin,fmax,category
0.5822310000000073,0.6027870000000064,367.92453,1735.849121,NaN
0.842597000000012,0.8682909999999993,132.07547,2273.584961,NaN
1.5603140000000053,1.5825820000000022,122.641518,443.39624,NaN
1.9046130000000119,1.9217419999999947,113.20755,292.45282,NaN
