start,end,fmin,fmax,category
1.1175039999999967,1.1304199999999867,147.540985,304.91803,s
