start,end,fmin,fmax,category
0.43738500000000613,0.4564849999999865,560.830872,2777.447998,NaN
