start,end,fmin,fmax,category
0.3711099999999874,0.4041180000000111,NaN,NaN,NaN
0.6904309999999896,0.7191339999999968,NaN,NaN,NaN
0.785868999999991,0.8138539999999921,NaN,NaN,NaN
