start,end,fmin,fmax,category
0.46258499999999003,0.4974149999999895,165.714279,1165.714233,s
0.5206349999999986,0.5554649999999981,251.428574,662.857117,s
0.7151020000000017,0.7499320000000012,188.571426,622.857178,s
0.7499320000000012,0.7789569999999912,160.0,1148.571411,s
0.9356919999999889,1.5684349999999938,102.85714,1994.285645,bc
1.9385029999999972,1.9602720000000033,1321.937378,1908.831909,s
