start,end,fmin,fmax,category
0.19254499999999553,0.21205399999999486,289.575287,637.065613,NaN
0.36812100000000214,0.3973839999999882,220.077209,776.061768,NaN
1.5223699999999951,1.5451300000000003,150.579147,625.482605,NaN
