start,end,fmin,fmax,category
1.8270100000000014,1.8461049999999943,93.75,731.25,NaN
