start,end,fmin,fmax,category
0.4321950000000072,0.45617599999999925,141.50943,2311.320801,NaN
