start,end,fmin,fmax,category
0.3711099999999874,0.4041180000000111,385.714294,462.857147,s
0.6904309999999896,0.7191339999999968,312.703583,332.247559,s
0.785868999999991,0.8138539999999921,342.857147,368.571442,s
