start,end,fmin,fmax,category
0.2214969999999994,0.7555560000000128,148.571426,1965.714355,bc
1.4318370000000016,1.4637639999999976,165.714279,634.285706,s
