start,end,fmin,fmax,category
0.07836000000000354,0.1190029999999922,138.99614,776.061768,NaN
0.5953340000000082,0.6180940000000135,162.16217,301.158295,NaN
1.2277320000000032,1.2423640000000091,208.494202,579.150574,NaN
1.8698850000000107,1.891019,162.16217,706.563721,NaN
