start,end,fmin,fmax,category
0.4654429999999934,0.47914599999998586,169.811325,1801.886719,NaN
0.7258080000000007,0.7446500000000071,103.773582,641.509399,NaN
1.8083790000000022,1.830646999999999,141.50943,1820.754639,NaN
