start,end,fmin,fmax,category
0.07021599999998784,0.08815500000000043,NaN,NaN,NaN
0.2467399999999884,0.2661139999999875,NaN,NaN,NaN
0.5581679999999949,0.5789780000000064,NaN,NaN,NaN
0.7167520000000138,0.7555010000000095,NaN,NaN,NaN
0.8007090000000119,0.8286940000000129,NaN,NaN,NaN
