start,end,fmin,fmax,category
0.3432200000000023,0.41288000000000125,137.142853,708.571411,s
0.8337410000000034,0.8714740000000063,137.142853,1194.285767,s
1.129795999999999,1.1646259999999984,160.0,1200.0,s
1.2807259999999872,1.983128999999991,644.951172,644.951172,bc
