start,end,fmin,fmax,category
1.2338489999999922,1.267989,196.911194,776.061768,NaN
1.7963420000000099,1.8158510000000092,196.911194,567.567566,NaN
