start,end,fmin,fmax,category
0.9765969999999982,0.9920140000000117,452.8302,1764.150879,NaN
1.5795479999999884,1.5932520000000068,103.773582,509.43396,NaN
