start,end,fmin,fmax,category
0.07021599999998784,0.08815500000000043,720.0,720.0,s
0.2467399999999884,0.2661139999999875,505.714294,522.857117,s
0.5581679999999949,0.5789780000000064,437.142853,445.714294,s
0.7167520000000138,0.7555010000000095,437.142853,514.285706,s
0.8007090000000119,0.8286940000000129,107.491859,166.123779,s
1.2714389999999867,1.2958360000000084,137.70491,403.278717,s
