start,end,fmin,fmax,category
0.5636279999999942,1.205079000000012,114.285713,1960.0,bc
1.364717000000013,1.5040360000000135,674.285706,674.285706,b
