start,end,fmin,fmax,category
1.3732740000000092,1.3944079999999985,173.745178,602.316589,NaN
1.527715999999998,1.5488499999999874,150.579147,683.397644,NaN
1.6252580000000023,1.6447660000000042,127.413132,532.818542,NaN
