start,end,fmin,fmax,category
0.5764729999999929,0.6004540000000134,169.811325,1801.886719,NaN
1.1228979999999922,1.1400270000000035,169.811325,1820.754639,NaN
