start,end,fmin,fmax,category
1.369825999999989,1.3857429999999908,747.774475,2465.875488,NaN
