start,end,fmin,fmax,category
1.6344670000000008,1.6692970000000003,782.857117,782.857117,s
1.857958999999994,1.8956919999999968,131.428574,1188.571411,s
1.947936999999996,1.979863999999992,102.85714,662.857117,s
