start,end,fmin,fmax,category
0.953456999999986,0.997351000000009,138.99614,718.146729,NaN
1.6898999999999944,1.7110340000000122,220.077209,428.571442,NaN
