start,end,fmin,fmax,category
0.2876899999999978,0.30481900000000905,226.4151,1915.09436,NaN
0.41958600000000956,0.4504180000000133,122.641518,2481.13208,NaN
1.4079460000000097,1.438779000000011,132.07547,2462.26416,NaN
1.5638230000000135,1.5929419999999936,103.773582,198.113205,NaN
