start,end,fmin,fmax,category
0.36621099999999274,0.38371900000001347,1157.27002,2163.204834,NaN
0.42032699999998613,0.43783600000000433,1025.806396,2370.967773,NaN
1.6681949999999972,1.684111999999999,302.670624,605.341248,NaN
1.7636950000000127,1.779611999999986,300.0,600.0,NaN
