start,end,fmin,fmax,category
0.003084000000001197,0.03791400000000067,137.142853,605.714233,s
0.12498899999999935,0.5574599999999919,131.428574,1965.714355,bc
0.9870290000000068,1.544308000000001,131.428574,1960.0,bc
