start,end,fmin,fmax,category
1.1985520000000065,1.2196859999999958,196.911194,555.984558,NaN
1.3594970000000046,1.3790050000000065,196.911194,637.065613,NaN
1.5350720000000138,1.5562070000000006,173.745178,660.231628,NaN
