start,end,fmin,fmax,category
1.5973679999999888,1.6132800000000032,253.125,1115.625,NaN
