start,end,fmin,fmax,category
0.3441270000000003,0.3818590000000004,388.571442,1937.142822,s
1.2148749999999993,1.2409979999999994,1251.428589,1794.285645,s
1.2409979999999994,1.2758280000000006,1160.0,1702.857178,s
