start,end,fmin,fmax,category
0.21839499999999923,0.2379029999999993,208.494202,521.235535,NaN
0.5110209999999995,0.5289040000000007,231.660217,683.397644,NaN
0.8442900000000009,0.8654250000000001,162.16217,474.903473,NaN
1.2881070000000001,1.3141180000000006,173.745178,741.312744,NaN
1.46856,1.489694,162.16217,428.571442,NaN
