start,end,fmin,fmax,category
0.3866139999999998,0.4057089999999999,103.125,318.75,NaN
1.0231189999999994,1.051762,140.625,937.5,NaN
1.1456459999999993,1.1695150000000005,150.0,881.249939,NaN
