start,end,fmin,fmax,category
0.6267049999999994,0.6472599999999993,97.719872,762.214966,NaN
