start,end,fmin,fmax,category
0.9136050000000004,0.9231809999999996,919.708008,1631.386963,NaN
