start,end,fmin,fmax,category
0.12789099999999998,0.1453059999999997,350.649353,1227.272705,s
0.2236729999999998,0.2439909999999994,194.805191,662.337646,s
0.7229019999999995,0.7359639999999992,360.389618,1139.610352,s
0.7475740000000002,0.7678910000000005,506.4935,974.02594,s
0.7736959999999993,0.7911110000000008,340.909088,1266.233765,s
