start,end,fmin,fmax,category
1.2939000000000007,1.3083080000000002,1290.801147,2706.231445,s
1.3627369999999992,1.3795459999999995,1383.870972,2912.90332,s
1.3947540000000007,1.4099629999999994,1461.290405,2719.35498,s
1.4523860000000006,1.4651929999999993,1248.387085,2903.22583,s
1.4796010000000006,1.495609,1403.22583,2796.77417,s
1.5420339999999992,1.5548409999999997,1500.0,2748.387207,s
1.5620449999999995,1.577254,1451.612915,2854.838623,s
1.7237329999999993,1.7373399999999997,1500.0,2787.09668,s
