start,end,fmin,fmax,category
0.14847800000000078,0.17094699999999996,310.679626,475.72818,s
0.2624239999999993,0.2913110000000003,320.388336,718.446594,s
0.8289410000000004,0.8401750000000003,378.640778,1815.533936,s
0.8706669999999992,0.8931349999999991,339.805817,776.699097,s
0.9477010000000003,0.9653539999999996,330.097107,2233.009521,s
1.2654639999999997,1.2831170000000007,291.262115,728.155334,s
1.320029,1.3376830000000002,330.097107,2262.135986,s
1.504588,1.5318710000000006,320.388336,631.067932,s
1.6554459999999995,1.6779139999999995,271.844666,669.902893,s
