start,end,fmin,fmax,category
0.3200959999999995,0.34187099999999937,454.005951,2430.26709,NaN
0.6492789999999999,0.6697729999999993,293.768555,738.872437,NaN
0.7158840000000009,0.7376590000000007,1005.934692,2109.792236,NaN
1.219265,1.2359159999999996,124.629074,738.872437,NaN
1.928865,1.9493589999999994,164.516129,2109.67749,NaN
1.9749759999999998,1.9916280000000004,193.548386,1577.419312,NaN
1.9916280000000004,2.0095600000000005,240.356079,1566.765503,NaN
