start,end,fmin,fmax,category
0.15912999999999933,0.179983,152.173904,728.260864,s
