start,end,fmin,fmax,category
0.22422899999999935,0.24341399999999958,312.5,633.928589,s
0.24980900000000084,0.2689939999999993,312.5,714.285706,s
0.32015499999999975,0.34093900000000055,339.805817,601.941772,s
0.9116979999999995,0.9324820000000003,160.714294,571.428589,s
0.9660569999999993,0.9900380000000002,145.631058,611.650513,s
