start,end,fmin,fmax,category
0.31633899999999926,0.33383899999999933,1189.024414,1911.585327,s
0.41815599999999975,0.42929200000000023,256.097565,612.804871,s
0.7697400000000005,0.7888310000000001,128.048782,384.146332,s
0.8636020000000002,0.8874659999999999,179.810715,359.621429,s
0.9367830000000001,0.9590549999999993,179.810715,369.085175,s
1.0290540000000004,1.0529170000000008,132.492111,236.593048,s
