start,end,fmin,fmax,category
0.797380000000004,0.8526329999999973,NaN,NaN,NaN
0.8777479999999969,0.8964049999999872,NaN,NaN,NaN
1.4044489999999996,1.4288469999999904,NaN,NaN,NaN
1.9254099999999994,1.941913999999997,NaN,NaN,NaN
