start,end,fmin,fmax,category
1.6950569999999914,1.7414970000000096,108.571426,1217.142822,s
1.9678910000000087,2.008525999999989,97.14286,1285.714233,s
