start,end,fmin,fmax,category
0.26663899999999785,0.28452100000001224,220.077209,567.567566,NaN
0.7543489999999906,0.7706059999999866,115.830109,660.231628,NaN
1.9833810000000085,1.996386000000001,1146.71814,2455.598389,NaN
