start,end,fmin,fmax,category
1.012000999999998,1.0358699999999885,168.75,956.25,NaN
