start,end,fmin,fmax,category
0.797380000000004,0.8526329999999973,205.714279,488.571442,s
0.8777479999999969,0.8964049999999872,420.0,428.571442,s
1.4044489999999996,1.4288469999999904,197.142853,205.714279,s
1.9254099999999994,1.941913999999997,582.857178,600.0,s
