start,end,fmin,fmax,category
0.806964999999991,0.8244730000000118,213.649857,961.424316,NaN
0.9040569999999946,0.9247479999999939,204.747772,507.418365,NaN
