start,end,fmin,fmax,category
0.2031120000000044,0.21818099999998708,NaN,NaN,NaN
0.5827099999999916,0.6049539999999922,NaN,NaN,NaN
