start,end,fmin,fmax,category
-0.03210899999999128,0.008525999999989153,97.14286,1285.714233,s
0.0781859999999881,0.7225400000000093,137.142853,1977.142822,bc
1.0940589999999872,1.7180950000000053,142.857147,1994.285645,bc
