start,end,fmin,fmax,category
1.3034509999999955,1.3197079999999914,231.660217,625.482605,NaN
