start,end,fmin,fmax,category
1.386166000000003,1.4052609999999959,103.125,1078.125,NaN
