start,end,fmin,fmax,category
0.2031120000000044,0.21818099999998708,394.285706,402.857147,s
0.5827099999999916,0.6049539999999922,548.571411,582.857178,s
