start,end,fmin,fmax,category
0.46634700000001317,0.4986379999999997,NaN,NaN,NaN
0.5345169999999939,0.5632200000000012,NaN,NaN,NaN
1.4221589999999935,1.4451219999999978,NaN,NaN,NaN
