start,end,fmin,fmax,category
1.418957000000006,1.4566890000000114,217.142853,537.142883,s
1.5698869999999943,1.6163270000000125,131.428574,725.714294,s
1.6337409999999863,1.6685709999999858,182.857147,537.142883,s
1.6685709999999858,1.7092059999999947,371.428589,834.285767,s
1.7237189999999885,1.7788659999999936,177.142853,748.571472,s
