start,end,fmin,fmax,category
0.4495709999999917,0.4869630000000029,266.409271,555.984558,NaN
0.5584929999999986,0.5796280000000138,150.579147,729.729736,NaN
1.1096070000000111,1.1339920000000063,196.911194,613.899597,NaN
1.9956149999999866,2.0151229999999885,254.826263,1575.289551,NaN
