start,end,fmin,fmax,category
0.46634700000001317,0.4986379999999997,385.714294,394.285706,s
0.5345169999999939,0.5632200000000012,312.703583,312.703583,s
1.4221589999999935,1.4451219999999978,265.714294,282.857147,s
