start,end,fmin,fmax,category
1.1458529999999882,1.163361000000009,1112.759644,2189.910889,NaN
