start,end,fmin,fmax,category
0.13256000000001222,0.16054500000001326,NaN,NaN,NaN
0.4052389999999946,0.4282010000000014,NaN,NaN,NaN
0.5466010000000097,0.565258,NaN,NaN,NaN
0.6119009999999889,0.6262519999999938,NaN,NaN,NaN
0.7848370000000102,0.8164099999999905,NaN,NaN,NaN
0.9340929999999901,0.9534669999999892,NaN,NaN,NaN
1.2010310000000004,1.218970000000013,NaN,NaN,NaN
1.7499770000000012,1.7722219999999993,NaN,NaN,NaN
1.8590480000000014,1.8791410000000042,NaN,NaN,NaN
