start,end,fmin,fmax,category
0.060407999999995354,0.08362800000000448,120.0,1165.714233,s
0.12426300000001334,0.1590930000000128,110.749184,469.055389,s
0.4667570000000012,0.4986849999999947,165.714279,1194.285767,s
0.5973700000000122,1.079183999999998,68.571426,1954.285767,bc
1.5319729999999936,1.9441270000000088,108.571426,1954.285767,bc
