start,end,fmin,fmax,category
-0.004385000000013406,0.015122999999988451,254.826263,1575.289551,NaN
1.4018470000000036,1.421356000000003,243.243225,555.984558,NaN
1.618065999999999,1.6375740000000008,162.16217,532.818542,NaN
