start,end,fmin,fmax,category
0.13256000000001222,0.16054500000001326,454.285706,471.428589,s
0.4052389999999946,0.4282010000000014,381.107483,429.967438,s
0.5466010000000097,0.565258,505.714294,505.714294,s
0.6119009999999889,0.6262519999999938,732.899048,762.214966,s
0.7848370000000102,0.8164099999999905,497.142822,514.285706,s
0.9340929999999901,0.9534669999999892,917.142822,960.0,s
1.2010310000000004,1.218970000000013,454.285706,488.571442,s
1.7499770000000012,1.7722219999999993,300.0,334.285736,s
1.8590480000000014,1.8791410000000042,517.915283,517.915283,s
