start,end,fmin,fmax,category
0.0312020000000075,0.0747389999999939,314.285736,582.857117,s
0.19664399999999205,0.2430840000000103,171.428574,657.142883,s
0.25469400000000064,0.29242600000000607,125.714287,817.142822,s
0.5797729999999888,0.6204079999999976,280.0,822.857117,s
0.6494329999999877,0.6784580000000062,274.285706,640.0,s
1.6246710000000064,1.656599,148.571426,805.714294,s
