start,end,fmin,fmax,category
1.0730700000000013,1.0925780000000032,150.579147,359.073364,NaN
1.3673220000000015,1.3868300000000033,208.494202,625.482605,NaN
