start,end,fmin,fmax,category
0.7637139999999931,0.7796309999999949,676.557861,2127.596436,NaN
