start,end,fmin,fmax,category
0.48394300000001067,0.5119280000000117,NaN,NaN,NaN
1.1864500000000078,1.2151529999999866,NaN,NaN,NaN
1.5064889999999878,1.5272989999999993,NaN,NaN,NaN
1.839445000000012,1.8616890000000126,NaN,NaN,NaN
