start,end,fmin,fmax,category
0.6956920000000082,0.7189119999999889,194.285721,1257.142944,s
0.9424040000000105,0.9888440000000003,171.428574,1268.571411,s
1.0759180000000015,1.6796370000000138,390.879486,390.879486,bc
1.9785939999999869,2.5184580000000096,108.571426,1960.0,bc
