start,end,fmin,fmax,category
0.7264089999999896,0.7410399999999981,243.243225,671.814697,NaN
0.849962000000005,0.8710969999999918,196.911194,579.150574,NaN
1.464478000000014,1.4872379999999907,150.579147,671.814697,NaN
1.7050820000000044,1.7213390000000004,637.065613,2281.853271,NaN
