start,end,fmin,fmax,category
0.4879750000000058,0.5070709999999963,103.125,393.749969,NaN
0.8635140000000092,0.8841999999999928,97.087387,1058.252441,NaN
0.9080690000000118,0.9319380000000024,106.79612,543.689331,NaN
1.310658999999987,1.3329359999999895,116.504852,679.611633,NaN
1.4634200000000135,1.4761499999999899,103.125,843.75,NaN
