start,end,fmin,fmax,category
0.48394300000001067,0.5119280000000117,248.571411,282.857147,s
1.1864500000000078,1.2151529999999866,-1.0,145.714294,s
1.5064889999999878,1.5272989999999993,480.0,522.857117,s
1.839445000000012,1.8616890000000126,994.285645,994.285645,s
