start,end,fmin,fmax,category
0.5340579999999875,0.5584560000000067,NaN,NaN,NaN
0.609404000000012,0.6273429999999962,NaN,NaN,NaN
0.8139130000000137,0.8483569999999929,NaN,NaN,NaN
0.9115040000000079,0.9387710000000027,NaN,NaN,NaN
0.992590000000007,1.0069410000000119,NaN,NaN,NaN
1.0772640000000138,1.1081200000000138,NaN,NaN,NaN
