start,end,fmin,fmax,category
-0.021406000000013137,0.5184580000000096,108.571426,1960.0,bc
