start,end,fmin,fmax,category
1.2299910000000125,1.2511250000000018,196.911194,799.227844,NaN
