start,end,fmin,fmax,category
1.2297220000000095,1.2504089999999906,103.125,1893.750122,NaN
