start,end,fmin,fmax,category
0.5340579999999875,0.5584560000000067,293.159607,342.019531,s
0.609404000000012,0.6273429999999962,508.143341,547.231262,s
0.8139130000000137,0.8483569999999929,156.351791,175.895767,s
0.9115040000000079,0.9387710000000027,410.423431,420.195435,s
0.992590000000007,1.0069410000000119,429.967438,449.511414,s
1.0772640000000138,1.1081200000000138,214.983719,234.527679,s
