start,end,fmin,fmax,category
1.9741190000000017,1.9942120000000045,NaN,NaN,NaN
