start,end,fmin,fmax,category
1.1248980000000017,1.1568249999999978,165.714279,1154.285645,s
1.4615870000000086,1.4935150000000021,160.0,1131.428589,s
1.664761999999996,1.9521090000000072,148.571426,1942.857178,bc
