start,end,fmin,fmax,category
0.7581519999999955,0.7792860000000132,196.911194,590.733582,NaN
