start,end,fmin,fmax,category
0.44843700000001263,0.46565899999998805,NaN,NaN,NaN
1.8649330000000077,1.8986590000000092,NaN,NaN,NaN
