start,end,fmin,fmax,category
0.36716599999999744,0.6516100000000051,154.285721,1931.428589,m
0.962176999999997,1.0028120000000058,114.285713,857.142883,s
1.9199999999999875,1.9635370000000023,217.142853,651.428589,s
