start,end,fmin,fmax,category
0.18714399999998932,0.24729500000000826,220.077209,567.567566,NaN
0.674855000000008,0.6943630000000098,196.911194,486.48645,NaN
1.0162520000000086,1.0455149999999946,335.907349,567.567566,NaN
1.993300000000005,2.011181999999991,138.99614,451.737457,NaN
