start,end,fmin,fmax,category
0.44843700000001263,0.46565899999998805,351.428558,368.571442,s
1.8649330000000077,1.8986590000000092,394.285706,480.0,s
