start,end,fmin,fmax,category
0.3586259999999868,0.39880999999999744,NaN,NaN,NaN
0.599014000000011,0.6269990000000121,NaN,NaN,NaN
1.6351940000000127,1.6631790000000137,NaN,NaN,NaN
