start,end,fmin,fmax,category
1.234829999999988,1.2638550000000066,148.571426,651.428589,s
1.2638550000000066,1.298685000000006,177.142853,942.857117,s
1.5918369999999982,1.6121540000000039,120.0,1222.857178,s
1.7572790000000111,1.7921090000000106,114.285713,822.857117,s
1.905305999999996,2.453878000000003,1108.571411,1108.571411,bc
