start,end,fmin,fmax,category
-0.006699999999995043,0.011181999999990921,138.99614,451.737457,NaN
0.17212699999998904,0.1916349999999909,162.16217,602.316589,NaN
0.2891779999999926,0.31031200000001036,150.579147,579.150574,NaN
0.7801399999999887,0.8077769999999873,162.16217,405.405396,NaN
1.4499289999999974,1.5003260000000012,208.494202,729.729736,NaN
1.895372000000009,1.9148800000000108,162.16217,486.48645,NaN
1.950646000000006,1.9766569999999888,138.99614,625.482605,NaN
