start,end,fmin,fmax,category
0.3586259999999868,0.39880999999999744,660.0,711.428589,s
0.599014000000011,0.6269990000000121,420.0,445.714294,s
1.6351940000000127,1.6631790000000137,368.571442,402.857147,s
