start,end,fmin,fmax,category
0.927347000000001,0.9563720000000018,314.285736,1800.0,s
