start,end,fmin,fmax,category
0.5317700000000016,0.5512779999999999,416.988403,2050.193115,NaN
1.22757,1.2454530000000013,196.911194,718.146729,NaN
