start,end,fmin,fmax,category
1.300217,1.3209039999999987,93.75,1134.375,NaN
1.3686420000000012,1.3925100000000015,121.874992,1115.625,NaN
1.4418399999999991,1.4641170000000017,97.087387,912.621338,NaN
