start,end,fmin,fmax,category
0.21972999999999843,0.2351460000000003,195.439743,1700.325806,NaN
1.6106279999999984,1.6328969999999998,146.579803,2501.628662,NaN
