start,end,fmin,fmax,category
0.6127870000000009,0.6287739999999999,120.0,812.307739,NaN
0.6767369999999993,0.6943240000000017,124.203827,802.547791,NaN
0.8430089999999986,0.860596000000001,210.191086,1089.171997,NaN
0.958120000000001,0.9773059999999987,304.615387,1227.692261,NaN
