start,end,fmin,fmax,category
0.9099320000000013,0.9375059999999991,126.623375,896.103882,s
1.3728799999999985,1.3888439999999989,155.844162,525.97406,s
