start,end,fmin,fmax,category
0.06539799999999829,0.07966599999999957,216.393448,639.344238,s
0.6551289999999987,0.6900049999999993,137.70491,639.344238,s
0.7534169999999989,0.7756110000000014,118.032784,422.950836,s
0.7756110000000014,0.8104879999999994,-1.0,855.737671,s
