start,end,fmin,fmax,category
0.005306000000000921,0.026168999999999443,242.71843,1009.70874,s
0.09517800000000065,0.11604099999999917,310.679626,708.737854,s
0.1641869999999983,0.1818409999999986,388.349548,1145.631104,s
0.9618049999999982,0.9746430000000004,524.271851,2067.961182,s
1.0693300000000008,1.0837739999999982,475.72818,1543.689209,s
1.6599199999999996,1.6936220000000013,233.009705,766.990295,s
1.9792880000000004,2.0097810000000003,233.009705,475.72818,s
