start,end,fmin,fmax,category
0.0872230000000016,0.10486799999999974,-1.0,260.869568,s
0.16261400000000137,0.18667500000000103,108.695648,239.130447,s
0.5347580000000001,0.5620280000000015,-1.0,250.0,s
0.5973170000000003,0.6181699999999992,108.695648,978.260925,s
0.6310029999999998,0.6582720000000002,130.434784,706.521729,s
0.6967700000000008,0.7208310000000004,-1.0,173.91304,s
