start,end,fmin,fmax,category
0.09798299999999927,0.12036600000000064,98.214294,607.142883,s
1.3801939999999995,1.4009779999999985,160.714294,598.214294,s
