start,end,fmin,fmax,category
1.752642999999999,1.7733239999999988,137.195129,347.560974,s
