start,end,fmin,fmax,category
1.0554410000000018,1.0729489999999942,908.011902,1931.750732,NaN
