start,end,fmin,fmax,category
0.6613279999999975,0.6878790000000095,NaN,NaN,NaN
1.4198059999999941,1.4477919999999926,NaN,NaN,NaN
1.8876659999999958,1.933591000000007,NaN,NaN,NaN
