start,end,fmin,fmax,category
-0.09469400000000405,0.4538780000000031,1108.571411,1108.571411,bc
0.5090250000000083,0.5438550000000077,-1.0,845.714294,s
0.7615419999999915,1.1330609999999979,171.428574,965.714294,m
1.223039,1.2665759999999864,154.285721,737.142883,s
1.3768709999999942,1.417506000000003,228.013031,996.742676,s
1.4668479999999988,1.4987759999999923,211.428574,714.285706,s
1.6787300000000016,1.7077549999999917,217.142853,577.142822,s
1.7338780000000042,1.7716100000000097,234.285706,582.857117,s
1.791926999999987,1.8267569999999864,182.857147,617.142883,s
