start,end,fmin,fmax,category
0.18474699999998734,0.21888699999999517,138.99614,1250.96521,NaN
0.6350659999999948,0.6496980000000008,150.579147,1853.281738,NaN
1.6641360000000134,1.6868959999999902,150.579147,694.980713,NaN
1.7129070000000013,1.7356670000000065,185.328186,602.316589,NaN
1.7941920000000096,1.8153259999999989,150.579147,613.899597,NaN
