start,end,fmin,fmax,category
0.6613279999999975,0.6878790000000095,257.142853,291.428589,s
1.4198059999999941,1.4477919999999926,244.299667,283.387634,s
1.8876659999999958,1.933591000000007,240.0,265.714294,s
