start,end,fmin,fmax,category
0.01044200000001183,0.024766999999997097,738.872437,2385.756592,NaN
