start,end,fmin,fmax,category
1.1685400000000072,1.190066999999999,NaN,NaN,NaN
