start,end,fmin,fmax,category
0.5697959999999966,0.5988209999999867,308.571442,760.0,s
0.77587299999999,0.8107029999999895,200.0,588.571411,s
1.397007000000002,1.4260319999999922,137.142853,748.571472,s
1.5479369999999903,1.600180999999992,217.142853,817.142822,s
1.8178680000000043,1.8526980000000037,217.142853,577.142822,s
1.9107480000000123,1.933967999999993,208.469055,742.671021,s
