start,end,fmin,fmax,category
1.0167209999999898,1.0378550000000075,-1.0,1297.297363,NaN
