start,end,fmin,fmax,category
0.142390000000006,0.16307599999998956,121.874992,787.499939,NaN
