start,end,fmin,fmax,category
0.23342299999998772,0.2628440000000012,NaN,NaN,NaN
0.691237000000001,0.7141990000000078,NaN,NaN,NaN
0.7701700000000073,0.7909799999999905,NaN,NaN,NaN
0.9502819999999872,0.9753969999999867,NaN,NaN,NaN
1.6549420000000055,1.6922559999999862,NaN,NaN,NaN
