start,end,fmin,fmax,category
0.10521499999998696,0.14294799999998986,162.86644,879.478821,s
0.5696149999999989,0.8105219999999917,131.428574,1954.285767,bc
0.9237190000000055,1.0949659999999994,120.0,1097.142822,b
1.3648980000000108,1.3968250000000069,228.571426,817.142822,s
1.4432649999999967,1.486803000000009,221.498367,885.993469,s
1.524534999999986,1.585487999999998,143.322479,977.19873,s
1.756734999999992,1.7915649999999914,291.428558,714.285706,s
