start,end,fmin,fmax,category
1.7348949999999945,1.7495270000000005,220.077209,509.652527,NaN
1.7674089999999865,1.7950460000000135,138.99614,521.235535,NaN
