start,end,fmin,fmax,category
0.23342299999998772,0.2628440000000012,240.0,274.285706,s
0.691237000000001,0.7141990000000078,214.983719,224.755707,s
0.7701700000000073,0.7909799999999905,459.283356,488.599335,s
0.9502819999999872,0.9753969999999867,317.142853,334.285736,s
1.6549420000000055,1.6922559999999862,107.491859,273.615631,s
