start,end,fmin,fmax,category
0.012890999999996211,0.035650000000003956,138.99614,416.988403,NaN
