start,end,fmin,fmax,category
1.9154939999999954,1.9425449999999955,93.75,1031.25,NaN
