start,end,fmin,fmax,category
0.5024940000000129,0.6127889999999923,120.0,1205.714355,b
0.8711110000000133,0.9088439999999878,114.285713,1125.714355,s
0.9872110000000021,1.019137999999998,148.571426,771.428589,s
1.222313000000014,1.2629479999999944,160.0,902.857117,s
1.2745580000000132,1.3064850000000092,177.142853,845.714294,s
1.4429020000000037,1.518367000000012,108.571426,1434.285767,b
1.590929999999986,1.6315649999999948,320.0,560.0,s
1.6751020000000096,1.71573699999999,251.428574,668.571411,s
1.779592000000008,1.8173240000000135,194.285721,954.285767,s
