start,end,fmin,fmax,category
1.1630440000000135,1.1773660000000064,206.25,1115.625,NaN
