start,end,fmin,fmax,category
0.7109849999999938,0.7289240000000063,NaN,NaN,NaN
1.1853030000000047,1.2111360000000104,NaN,NaN,NaN
1.2376859999999965,1.2577780000000018,NaN,NaN,NaN
1.437172000000004,1.4752039999999909,NaN,NaN,NaN
