start,end,fmin,fmax,category
0.38040799999998853,0.415237999999988,171.428574,1857.142822,s
0.5342400000000112,0.5632650000000012,251.428574,1828.571411,s
0.8390019999999936,0.8912469999999928,245.714294,662.857117,s
1.1698869999999886,1.204716999999988,240.0,720.0,s
1.204716999999988,1.2366440000000125,200.0,674.285706,s
1.271474000000012,1.3643539999999916,182.857147,840.0,b
1.732970999999992,1.761995000000013,205.714279,668.571411,s
