start,end,fmin,fmax,category
0.1177900000000136,0.13729799999998704,185.328186,532.818542,NaN
0.19907499999999345,0.2185829999999953,150.579147,532.818542,NaN
0.25272300000000314,0.27548300000000836,196.911194,486.48645,NaN
