start,end,fmin,fmax,category
0.7109849999999938,0.7289240000000063,240.0,240.0,s
1.1853030000000047,1.2111360000000104,342.857147,342.857147,s
1.2376859999999965,1.2577780000000018,254.071671,293.159607,s
1.437172000000004,1.4752039999999909,400.651489,508.143341,s
