start,end,fmin,fmax,category
0.5293240000000026,0.5436750000000075,NaN,NaN,NaN
0.6283489999999858,0.6513109999999926,NaN,NaN,NaN
0.6513109999999926,0.6706859999999892,NaN,NaN,NaN
0.6792969999999912,0.7051299999999969,NaN,NaN,NaN
1.6243450000000053,1.6530480000000125,NaN,NaN,NaN
