start,end,fmin,fmax,category
0.14512500000000728,0.34829899999999725,120.0,971.428589,b
0.4556919999999991,0.5166440000000136,445.714294,445.714294,s
0.6008160000000089,0.6443539999999928,188.571426,725.714294,s
0.8736509999999953,0.9142860000000042,182.857147,1102.857056,s
1.0274829999999895,1.062312999999989,171.428574,668.571411,s
1.1087530000000072,1.155192999999997,194.285721,800.0,s
1.224852999999996,1.2712929999999858,165.714279,1971.428467,s
1.4483449999999891,1.4860769999999945,131.428574,880.0,s
1.4860769999999945,1.5063949999999977,245.714294,485.714294,s
