start,end,fmin,fmax,category
1.9024249999999938,1.9170569999999998,173.745178,532.818542,NaN
