start,end,fmin,fmax,category
1.3592060000000004,1.383074999999991,97.087387,844.660156,NaN
