start,end,fmin,fmax,category
0.5293240000000026,0.5436750000000075,831.428528,831.428528,s
0.6283489999999858,0.6513109999999926,428.571442,437.142853,s
0.6513109999999926,0.6706859999999892,865.714233,865.714233,s
0.6792969999999912,0.7051299999999969,557.003235,566.775269,s
1.6243450000000053,1.6530480000000125,205.714279,265.714294,s
