start,end,fmin,fmax,category
0.39143400000000383,0.4129609999999957,NaN,NaN,NaN
0.5866149999999948,0.6160360000000082,NaN,NaN,NaN
0.9855870000000095,1.0078320000000076,NaN,NaN,NaN
1.0645210000000134,1.0831780000000037,NaN,NaN,NaN
1.2884050000000116,1.312802000000005,NaN,NaN,NaN
1.319260000000014,1.3371999999999957,NaN,NaN,NaN
1.4957839999999862,1.5187469999999905,NaN,NaN,NaN
1.5718469999999911,1.6084439999999915,NaN,NaN,NaN
1.6242300000000114,1.643605000000008,NaN,NaN,NaN
