start,end,fmin,fmax,category
0.5309750000000122,0.5745119999999986,222.857147,582.857117,s
0.609341999999998,0.6557819999999879,306.188904,306.188904,s
0.9373239999999896,0.9924719999999922,194.285721,742.857178,s
