start,end,fmin,fmax,category
0.6497209999999995,0.6735899999999901,225.000015,693.75,NaN
