start,end,fmin,fmax,category
0.39143400000000383,0.4129609999999957,368.571442,377.142853,s
0.5866149999999948,0.6160360000000082,371.33551,449.511414,s
0.9855870000000095,1.0078320000000076,342.857147,385.714294,s
1.0645210000000134,1.0831780000000037,702.857117,702.857117,s
1.2884050000000116,1.312802000000005,351.428558,360.0,s
1.319260000000014,1.3371999999999957,488.599335,488.599335,s
1.4957839999999862,1.5187469999999905,302.93158,371.33551,s
1.5718469999999911,1.6084439999999915,293.159607,322.475586,s
1.6242300000000114,1.643605000000008,371.33551,400.651489,s
