start,end,fmin,fmax,category
0.012347000000005437,0.029854999999997744,587.537109,2590.504395,NaN
0.7285980000000052,0.747698000000014,503.22583,2700.0,NaN
