start,end,fmin,fmax,category
0.1466259999999977,0.16743600000000924,NaN,NaN,NaN
0.23847599999999147,0.26287300000001323,NaN,NaN,NaN
0.5972639999999956,0.6180740000000071,NaN,NaN,NaN
1.4827530000000024,1.5143260000000112,NaN,NaN,NaN
1.7719360000000108,1.8006389999999897,NaN,NaN,NaN
