start,end,fmin,fmax,category
0.08899500000001126,0.10362699999998881,231.660217,2293.436279,NaN
0.7669129999999882,0.7864219999999875,196.911194,532.818542,NaN
0.8953439999999944,0.9099750000000029,1227.799194,2420.849365,NaN
0.9636230000000126,0.981505999999996,335.907349,648.648682,NaN
1.613903999999991,1.6350380000000087,220.077209,602.316589,NaN
1.7894799999999975,1.8024859999999876,277.992279,625.482605,NaN
1.8463800000000106,1.8626370000000065,266.409271,648.648682,NaN
