start,end,fmin,fmax,category
0.2473500000000115,0.26167100000000687,159.375,918.75,NaN
0.5974270000000104,0.6085659999999962,131.25,1350.0,NaN
0.7517799999999966,0.7724660000000085,112.500008,881.249939,NaN
1.0334339999999997,1.0509380000000021,131.25,2653.125,NaN
1.082763,1.0986760000000118,318.75,675.0,NaN
1.0986760000000118,1.1161789999999883,375.0,881.249939,NaN
1.2275679999999909,1.2482540000000029,215.625,609.375,NaN
1.3166789999999935,1.3294089999999983,196.874985,571.875,NaN
1.3516860000000008,1.3691900000000032,178.125,515.625,NaN
