start,end,fmin,fmax,category
0.1466259999999977,0.16743600000000924,377.142853,377.142853,s
0.23847599999999147,0.26287300000001323,437.142853,522.857117,s
0.5972639999999956,0.6180740000000071,498.371338,537.45929,s
1.4827530000000024,1.5143260000000112,390.879486,420.195435,s
1.7719360000000108,1.8006389999999897,322.475586,381.107483,s
