start,end,fmin,fmax,category
0.2462539999999933,0.2814160000000072,NaN,NaN,NaN
1.156140999999991,1.1920200000000136,NaN,NaN,NaN
1.4768980000000056,1.4984249999999975,NaN,NaN,NaN
1.7237440000000106,1.7567530000000033,NaN,NaN,NaN
