start,end,fmin,fmax,category
0.14748299999999404,0.2316549999999893,131.428574,1971.428467,b
0.26648499999998876,0.2897049999999979,188.571426,645.714294,s
0.6815420000000074,0.7221769999999879,240.0,565.714294,s
1.630658000000011,1.6596830000000011,297.142853,520.0,s
1.999274000000014,2.025396999999998,177.142853,400.0,s
