start,end,fmin,fmax,category
0.17964900000001194,0.20403400000000715,196.911194,359.073364,NaN
0.22841999999999985,0.23980000000000246,196.911194,625.482605,NaN
