start,end,fmin,fmax,category
0.8570220000000006,0.874526000000003,140.625,1003.125,NaN
0.9668189999999868,0.9875049999999987,106.79612,1058.252441,NaN
1.1514050000000111,1.1736830000000111,106.79612,1359.223267,NaN
1.2230120000000113,1.2405160000000137,103.125,984.375,NaN
1.359860999999995,1.3869119999999953,131.25,1481.25,NaN
1.4330589999999859,1.4521540000000073,106.79612,1223.301025,NaN
1.5317169999999862,1.5444479999999885,97.087387,1165.048462,NaN
