start,end,fmin,fmax,category
0.2462539999999933,0.2814160000000072,420.195435,429.967438,s
1.156140999999991,1.1920200000000136,175.895767,214.983719,s
1.4768980000000056,1.4984249999999975,410.423431,429.967438,s
1.7237440000000106,1.7567530000000033,244.299667,312.703583,s
