start,end,fmin,fmax,category
0.4842380000000013,0.5086240000000011,185.328186,648.648682,NaN
0.9621950000000012,0.9817029999999995,173.745178,567.567566,NaN
1.666124,1.6856329999999993,254.826263,590.733582,NaN
