start,end,fmin,fmax,category
0.07834499999999878,0.09903100000000009,1415.625,2821.875,NaN
1.642557,1.6727910000000001,112.500008,300.0,NaN
1.742806999999999,1.7634930000000004,126.213593,359.223297,NaN
