start,end,fmin,fmax,category
0.576073000000001,0.5856649999999988,756.923035,1873.846069,NaN
