start,end,fmin,fmax,category
0.46131499999999903,0.47727899999999934,126.623375,730.51947,s
0.5774149999999985,0.5948300000000017,116.883118,1957.792236,s
