start,end,fmin,fmax,category
0.30859299999999834,0.3307879999999983,147.540985,531.147522,s
1.469031000000001,1.497565999999999,98.360649,334.426239,s
1.614878000000001,1.6323159999999994,118.032784,295.08197,s
