start,end,fmin,fmax,category
0.22546000000000177,0.24595400000000112,142.433228,1709.198853,NaN
1.6830870000000004,1.7010189999999987,293.768555,899.109802,NaN
1.7612200000000016,1.7791519999999998,293.768555,1958.456909,NaN
