start,end,fmin,fmax,category
1.247242,1.2680940000000014,206.521729,728.260864,s
