start,end,fmin,fmax,category
0.1774079999999998,0.19808899999999952,118.902435,905.487854,s
0.5194469999999995,0.5353560000000002,512.195129,713.414612,s
0.6689900000000009,0.6848990000000015,312.302856,596.214539,s
0.8233059999999988,0.8455779999999997,109.756096,841.46344,s
0.9139860000000013,0.9314859999999996,713.414612,896.341492,s
1.033301999999999,1.0460290000000008,457.317078,2268.292725,s
1.1526180000000004,1.1828450000000004,643.533081,832.807556,s
1.9941940000000002,2.0116939999999985,201.219528,1920.731689,s
